-- phpMyAdmin SQL Dump
-- version 5.2.1
-- https://www.phpmyadmin.net/
--
-- Host: 127.0.0.1
-- Generation Time: Nov 05, 2024 at 08:00 AM
-- Server version: 10.4.32-MariaDB
-- PHP Version: 8.2.12

SET SQL_MODE = "NO_AUTO_VALUE_ON_ZERO";
START TRANSACTION;
SET time_zone = "+00:00";


/*!40101 SET @OLD_CHARACTER_SET_CLIENT=@@CHARACTER_SET_CLIENT */;
/*!40101 SET @OLD_CHARACTER_SET_RESULTS=@@CHARACTER_SET_RESULTS */;
/*!40101 SET @OLD_COLLATION_CONNECTION=@@COLLATION_CONNECTION */;
/*!40101 SET NAMES utf8mb4 */;

--
-- Database: `if_supplies`
--

-- --------------------------------------------------------

--
-- Table structure for table `buyin`
--

CREATE TABLE `buyin` (
  `id` int(11) NOT NULL,
  `productId` int(11) NOT NULL,
  `doc_number` varchar(255) DEFAULT NULL,
  `title` varchar(255) NOT NULL,
  `quantity` decimal(10,2) NOT NULL,
  `price` decimal(10,2) DEFAULT NULL,
  `summary` decimal(10,2) DEFAULT NULL,
  `createdAt` datetime NOT NULL,
  `updatedAt` datetime NOT NULL
) ENGINE=InnoDB DEFAULT CHARSET=utf8mb4 COLLATE=utf8mb4_general_ci;

-- --------------------------------------------------------

--
-- Table structure for table `cart`
--

CREATE TABLE `cart` (
  `id` int(11) NOT NULL,
  `productId` int(11) NOT NULL,
  `userId` int(11) NOT NULL,
  `quantity` int(11) NOT NULL,
  `createdAt` datetime NOT NULL,
  `updatedAt` datetime NOT NULL
) ENGINE=InnoDB DEFAULT CHARSET=utf8mb4 COLLATE=utf8mb4_general_ci;

-- --------------------------------------------------------

--
-- Table structure for table `codenumbers`
--

CREATE TABLE `codenumbers` (
  `id` int(11) NOT NULL,
  `uuid` varchar(255) NOT NULL,
  `last_code_number` int(11) NOT NULL DEFAULT 0
) ENGINE=InnoDB DEFAULT CHARSET=utf8mb4 COLLATE=utf8mb4_general_ci;

--
-- Dumping data for table `codenumbers`
--

INSERT INTO `codenumbers` (`id`, `uuid`, `last_code_number`) VALUES
(1, 'b7761529-5e4e-4c74-b39c-7218b69bc33d', 275);

-- --------------------------------------------------------

--
-- Table structure for table `countingunits`
--

CREATE TABLE `countingunits` (
  `id` int(11) NOT NULL,
  `uuid` varchar(255) NOT NULL,
  `name` varchar(255) NOT NULL
) ENGINE=InnoDB DEFAULT CHARSET=utf8mb4 COLLATE=utf8mb4_general_ci;

--
-- Dumping data for table `countingunits`
--

INSERT INTO `countingunits` (`id`, `uuid`, `name`) VALUES
(1, 'b1aaedfa-0ea5-45d9-8f30-79ae999362c8', 'อัน'),
(2, '2b48da8c-9e46-463b-9f77-db93f9155ffe', 'ตัว'),
(3, '42f11e07-d7cb-4318-8cd7-c65ee24ac24f', 'รีม'),
(4, 'c902c888-2071-4657-9dcd-e19d23e208d3', 'ม้วน'),
(5, 'f8532236-d883-401e-9f08-a29394e221a8', 'แพ็ค'),
(6, '06b1f97a-4efa-49fa-9aa2-756d1187dccb', 'แท่ง'),
(7, '43a77206-061a-456b-9c76-c8338a8e4355', 'หลอด'),
(8, '9152bc3a-0a2e-45c9-91f0-6e1ee70c1011', 'ขวด'),
(9, '6cd9ebf2-01f1-42e6-b7d1-a6ad4aec4c9d', 'กล่อง'),
(10, '94fa58e2-d70b-4c80-b3a6-1b3b357f9d56', 'ตลับ'),
(11, 'ae8fc341-6642-4247-b73e-44d4a4e4933c', 'กระปุก'),
(12, 'f70c5ed2-0a97-4d1d-8c5a-23d45c516142', 'เครื่อง'),
(13, '08c3e4e1-ca5f-41ae-932e-157a073db606', 'ชิ้น'),
(14, '970754d2-69e5-40c9-8736-36764efd1c97', 'ซอง'),
(15, 'fdae2680-2e48-4deb-808b-a816be92f18c', 'เล่ม'),
(16, '2e8967c6-ccbd-488f-833d-8fea7b4591f9', 'ผืน'),
(17, '7f1095de-13d6-4420-b9f2-b02099da7de9', 'ชุด'),
(18, '55510667-10bb-4ebd-a99f-5ffb1a18d5f6', 'ด้าม'),
(19, '5982201a-9a54-4084-aa17-b0fcc13dd4ba', 'แผ่น'),
(20, 'a4108fd5-165c-485b-bd5d-0cb586da8896', 'แฟ้ม'),
(21, '67da6147-816a-46d8-8e96-56a8ae800b94', 'ก้อน'),
(22, '1b44945f-242f-4432-9e9d-a6513ac34fcc', 'กระป๋อง'),
(23, '58a17a6e-32e8-47a5-8650-d8c15c2924cd', 'ห่อ');

-- --------------------------------------------------------

--
-- Table structure for table `docnumbers`
--

CREATE TABLE `docnumbers` (
  `id` int(11) NOT NULL,
  `uuid` varchar(255) NOT NULL,
  `last_doc_number` int(11) NOT NULL DEFAULT 0
) ENGINE=InnoDB DEFAULT CHARSET=utf8mb4 COLLATE=utf8mb4_general_ci;

-- --------------------------------------------------------

--
-- Table structure for table `locations`
--

CREATE TABLE `locations` (
  `id` int(11) NOT NULL,
  `uuid` varchar(255) NOT NULL,
  `name` varchar(255) NOT NULL
) ENGINE=InnoDB DEFAULT CHARSET=utf8mb4 COLLATE=utf8mb4_general_ci;

--
-- Dumping data for table `locations`
--

INSERT INTO `locations` (`id`, `uuid`, `name`) VALUES
(1, 'cb00d885-51d5-414b-88ac-397294cebe04', 'ตู้ 1 ลิ้นชัก 1'),
(2, '30d16f7e-562c-445f-b12d-3fabd9938582', 'ตู้ 3 ลิ้นชัก 1'),
(3, '32d7d992-35ea-4e71-9979-50a799abd7a1', 'ตู้ 1 ลิ้นชัก 3'),
(4, '6548f3ee-fec7-48bb-a7e5-e8e7a7256bf5', 'ห้องทำข้อสอบ'),
(5, '902ae5bc-27e2-4ce2-84a0-cc04d0d94d55', 'ตู้ 414'),
(6, '5cb0cdb5-f02f-4534-b8b4-4ffdee8b22a2', 'ตู้เหล็ก ห้องกุญแจ'),
(7, 'efb597b1-fa11-4783-93e6-e7ae0ca4694c', 'ตู้ 191'),
(8, '419b4263-cdaa-4002-a86b-dbcf8a9df8cb', 'ตู้ 3 ลิ้นชัก 2'),
(9, 'dc6a9ac8-2413-448d-b5ca-04fef2ea9ccd', 'ตู้ 2 ลิ้นชัก 2'),
(10, 'd001f1b2-34e1-4699-9121-3cd4939674cd', 'ตู้ 3 '),
(11, '82f19217-b11b-49e0-bfca-cf5887847f19', 'ตู้ด้านหลังโต๊ะ'),
(12, '6f18e08f-961b-4138-ab59-e1870eed9448', 'ตู้วัสดุช่าง'),
(13, '6e31293e-00dd-4cc5-bea6-27066d5b1661', 'ตู้ 1 ลิ้นชัก 4'),
(14, 'b24c1e87-0696-4a9f-8e13-63011b2d4163', 'ตู้ 2 ลิ้นชัก 4'),
(15, 'd5bd59c6-ded5-4b48-8a44-f300368b701a', 'ตู้ 2 ลิ้นชัก 1'),
(16, '226a255d-82c6-46d7-ae48-270c00e65690', 'ห้องทำข้อสอบ + ห้องกุญแจมี 3 เล่ม'),
(17, '2faf906d-f22a-4af6-9836-e1b3b194a6cd', 'ตู้ 1 ลิ้นชัก 2'),
(18, '68758f6c-bf80-47d5-9f8c-963c74942914', 'ตู้ 2 ลิ้นชัก 3');

-- --------------------------------------------------------

--
-- Table structure for table `payout`
--

CREATE TABLE `payout` (
  `id` int(11) NOT NULL,
  `userId` int(11) NOT NULL,
  `doc_number` varchar(255) NOT NULL,
  `title` varchar(255) NOT NULL,
  `doc_date` datetime NOT NULL,
  `status` enum('pending','approved') NOT NULL DEFAULT 'pending',
  `pdf_filename` varchar(255) DEFAULT NULL,
  `pdf_path` varchar(255) DEFAULT NULL,
  `createdAt` datetime NOT NULL,
  `updatedAt` datetime NOT NULL
) ENGINE=InnoDB DEFAULT CHARSET=utf8mb4 COLLATE=utf8mb4_general_ci;

-- --------------------------------------------------------

--
-- Table structure for table `payoutdetail`
--

CREATE TABLE `payoutdetail` (
  `id` int(11) NOT NULL,
  `payoutId` int(11) NOT NULL,
  `productId` int(11) NOT NULL,
  `quantity` decimal(10,2) NOT NULL,
  `quantity_approved` decimal(10,2) DEFAULT NULL,
  `userId_approved` int(11) DEFAULT NULL,
  `price` decimal(10,2) DEFAULT NULL,
  `summary` decimal(10,2) DEFAULT NULL,
  `note` varchar(255) DEFAULT NULL,
  `createdAt` datetime NOT NULL,
  `updatedAt` datetime NOT NULL
) ENGINE=InnoDB DEFAULT CHARSET=utf8mb4 COLLATE=utf8mb4_general_ci;

-- --------------------------------------------------------

--
-- Table structure for table `products`
--

CREATE TABLE `products` (
  `id` int(11) NOT NULL,
  `uuid` varchar(255) NOT NULL,
  `code` varchar(255) NOT NULL,
  `name` varchar(255) NOT NULL,
  `visible` enum('visible','hidden') NOT NULL DEFAULT 'visible',
  `locationId` int(11) DEFAULT NULL,
  `countingunitId` int(11) NOT NULL,
  `createdAt` datetime NOT NULL,
  `updatedAt` datetime NOT NULL
) ENGINE=InnoDB DEFAULT CHARSET=utf8mb4 COLLATE=utf8mb4_general_ci;

--
-- Dumping data for table `products`
--

INSERT INTO `products` (`id`, `uuid`, `code`, `name`, `visible`, `locationId`, `countingunitId`, `createdAt`, `updatedAt`) VALUES
(1, '455f85ea-ea85-48d5-b15b-088e138811cd', 'A001', 'กบเหลาดินสอ แบบเล็ก', 'visible', 1, 1, '2024-11-04 14:54:44', '2024-11-04 14:54:44'),
(2, 'd0a34a08-7285-413a-9456-e6304d62b6ba', 'A002', 'กบเหลาดินสอ แบบเล็ก (ไม่เก็บขี้)', 'visible', 2, 2, '2024-11-04 14:54:53', '2024-11-04 14:54:53'),
(3, '231f6197-6408-42ea-ab64-1620448bf5ef', 'A003', 'กรรไกร 7 นิ้ว', 'visible', 3, 1, '2024-11-04 14:55:05', '2024-11-04 14:55:23'),
(4, '94197fa4-9c0d-4f29-9846-b42b5edb7e82', 'A004', 'กรรไกร 8 นิ้ว', 'visible', 3, 1, '2024-11-04 14:55:18', '2024-11-04 14:55:18'),
(5, 'e3f5a1d5-2c01-4f20-badc-46c71614125f', 'A005', 'กระดาษ A4 70 แกรม', 'visible', 4, 3, '2024-11-04 14:55:39', '2024-11-04 14:55:39'),
(6, '7023b544-0406-45e8-810a-89e85e5ef0f8', 'A006', 'กระดาษ A4 สีเขียว', 'visible', 4, 3, '2024-11-04 14:55:51', '2024-11-04 14:55:51'),
(7, 'd1be5069-d74c-48a7-90c3-2c125f291a33', 'A007', 'กระดาษ A4 สีชมพู', 'visible', 4, 3, '2024-11-04 14:56:00', '2024-11-04 14:56:00'),
(8, '01905493-edab-4e45-a684-7946fed6e8bf', 'A008', 'กระดาษ A4 สีฟ้า', 'visible', 4, 3, '2024-11-04 14:56:11', '2024-11-04 14:56:11'),
(9, 'b2b5e223-2221-4356-bcf0-e609ebc94368', 'A009', 'กระดาษ A4 สีเหลือง', 'visible', 4, 3, '2024-11-04 14:56:20', '2024-11-04 14:56:20'),
(10, '720185d3-ab1b-4da2-bc29-5f875ef932a4', 'A010', 'กระดาษเครื่องคำนวณ', 'visible', 5, 4, '2024-11-04 14:56:33', '2024-11-04 14:56:33'),
(11, '4ace54d6-94ba-4cee-8a96-3767adeadd73', 'A011', 'กระดาษปก 180 แกรม สีขาว', 'visible', 6, 5, '2024-11-04 14:56:45', '2024-11-04 14:56:45'),
(12, '8d31ffa6-af38-4044-bfcd-c68db936c07b', 'A012', 'กระดาษปก 210 แกรม สีเขียว', 'visible', 6, 5, '2024-11-04 14:56:54', '2024-11-04 14:56:54'),
(13, 'd26a3908-caa1-4edd-b18b-e21182e0e307', 'A013', 'กระดาษปก 210 แกรม สีครีม', 'visible', 6, 5, '2024-11-04 14:57:05', '2024-11-04 14:57:05'),
(14, '361aecbd-80ad-40af-b68a-69b15158e4b4', 'A014', 'กระดาษปก 210 แกรม สีชมพู', 'visible', 6, 5, '2024-11-04 14:57:16', '2024-11-04 14:57:16'),
(15, '65580928-0328-43b9-b03a-fde389c20b88', 'A015', 'กระดาษปก 210 แกรม สีฟ้า', 'visible', 6, 5, '2024-11-04 14:57:36', '2024-11-04 14:57:36'),
(16, 'e358df51-24f2-4d3d-81b8-c89363e7a814', 'A016', 'กระดาษปก การ์ดขาว 150 แกรม สีขาว', 'visible', 6, 5, '2024-11-04 15:03:25', '2024-11-04 15:03:25'),
(17, 'f0624e3d-4e5b-43a4-a002-fe5d84c27a38', 'A017', 'กระดาษปก การ์ดขาว 180 แกรม สีขาว', 'visible', 6, 5, '2024-11-04 15:03:37', '2024-11-04 15:03:37'),
(18, '93d2e907-e6f8-4d4a-99e4-852917375c88', 'A018', 'กระดิ่ง', 'visible', 5, 1, '2024-11-04 15:04:00', '2024-11-04 15:04:00'),
(19, '9f655d8d-da5b-455f-8f3a-fde33796b87e', 'A019', 'กระบอกใส่ปากกา', 'visible', 5, 1, '2024-11-04 15:04:14', '2024-11-04 15:04:14'),
(20, 'a33b4217-9ba6-4b92-8208-e0d8ffbcd525', 'A020', 'กระบอกใส่ปากกามีช่อง (สีดำ)', 'visible', 5, 1, '2024-11-04 15:04:27', '2024-11-04 15:04:27'),
(21, 'fdf46747-3b09-4a21-afd9-529f42ae1093', 'A021', 'กระบอกเหล็ก กลมใหญ่ (สีดำ)', 'visible', 5, 1, '2024-11-04 15:04:35', '2024-11-04 15:04:35'),
(22, '1984d276-261b-444a-92a4-2382639c168d', 'A022', 'กาวแท่ง  UHU', 'visible', 1, 6, '2024-11-04 15:05:05', '2024-11-04 15:05:05'),
(23, 'b53600ff-5798-494d-a4a7-fb690d98fb42', 'A023', 'กาวแท่งใส่ปืนยิงกาว', 'visible', 1, 6, '2024-11-04 15:05:18', '2024-11-04 15:05:18'),
(24, '8291ba9e-8352-4958-9bfb-971c8551845b', 'A024', 'กาวน้ำหลอด 45ML', 'visible', 1, 7, '2024-11-04 15:05:33', '2024-11-04 15:05:42'),
(25, 'f758c7bd-555f-4752-badf-7c5a81d7d548', 'A025', 'กาวน้ำหลอด 50 ML', 'visible', 1, 7, '2024-11-04 15:05:53', '2024-11-04 15:05:53'),
(26, '69af2c67-b816-41a5-84b9-fd0193fd35b1', 'A026', 'กาวใส ตราม้า 5 ออนซ์ ', 'visible', 5, 8, '2024-11-04 15:06:20', '2024-11-04 15:06:20'),
(27, '6ff4569b-4645-4011-882d-451a7f32036e', 'A027', 'กาวอเนกประสงค์ UHU', 'visible', 3, 7, '2024-11-04 15:06:41', '2024-11-04 15:06:41'),
(28, '3fa2010a-cada-4cfc-bd64-af503dd04b25', 'A028', 'เข็มหมุด', 'visible', 2, 9, '2024-11-04 15:06:50', '2024-11-04 15:06:50'),
(29, 'a5270e5b-5172-4a1c-9b11-5b24c29e7d58', 'A029', 'ครีมนับแบ้ง', 'visible', 2, 10, '2024-11-04 15:07:13', '2024-11-04 15:07:13'),
(30, 'd70f193e-1db1-4c03-99fb-90e4150988ec', 'A030', 'คลิบดำ #108 (กล่อง 12 ตัว)', 'visible', 7, 9, '2024-11-04 15:07:31', '2024-11-04 15:07:31'),
(31, 'e1c41430-5926-452d-839a-2496b71cd08a', 'A031', 'คลิบดำ #109 (กระปุก 2 โหล)', 'visible', 7, 11, '2024-11-04 15:10:37', '2024-11-04 15:10:37'),
(32, 'c985a293-c82e-4488-af91-9d07ab390ce6', 'A032', 'คลิบดำ #109 (กล่อง 12 ตัว)', 'visible', 7, 9, '2024-11-04 15:10:49', '2024-11-04 15:10:49'),
(33, '6fc45923-e72f-4da0-9e6a-898bc43a7d7a', 'A033', 'คลิบดำ #110 (กล่อง 12 ตัว)', 'visible', 7, 9, '2024-11-04 15:10:56', '2024-11-04 15:10:56'),
(34, 'ca670018-f938-4745-8d18-7e9b5417d544', 'A034', 'คลิบดำ #111 (กล่อง 12 ตัว)', 'visible', 7, 9, '2024-11-04 15:11:05', '2024-11-04 15:11:05'),
(35, '69f2ad07-027a-4ea8-b849-07f21c503885', 'A035', 'คลิบดำ #112 (กล่อง 12 ตัว)', 'visible', 7, 9, '2024-11-04 15:11:13', '2024-11-04 15:11:13'),
(36, '1c8106d8-035d-4441-bdb3-bd54f345b299', 'A036', 'คลิบดำ #113 (กล่อง 12 ตัว)', 'visible', 7, 9, '2024-11-04 15:11:20', '2024-11-04 15:11:20'),
(37, '46d5b7cb-be80-4546-b957-6903162f1e95', 'A037', 'คลิบดำ 15mm (กระปุก 45 ตัว)', 'visible', 7, 11, '2024-11-04 15:11:36', '2024-11-04 15:13:36'),
(38, 'cc031ddc-274b-4779-8da9-212fb2989591', 'A038', 'คลิบลวด (300ตัว)', 'visible', 7, 11, '2024-11-04 15:12:36', '2024-11-04 15:12:36'),
(39, '61b3e8c1-bfe0-4b8e-a201-0f83573a5994', 'A039', 'คลิบลวด (500ตัว)', 'visible', 7, 11, '2024-11-04 15:15:29', '2024-11-04 15:15:29'),
(40, '0df39a12-abad-49ba-8198-17f434225c19', 'A040', 'คลิบลวด (50ตัว)', 'visible', 7, 9, '2024-11-04 15:15:44', '2024-11-04 15:15:44'),
(41, '3ace63a4-970e-411c-bc27-fca44ee22177', 'A041', 'คลิบสี 15mm  (กระปุก 50 ตัว)', 'visible', 7, 11, '2024-11-04 15:16:11', '2024-11-04 15:16:11'),
(42, 'd6d29fa4-1ca0-41bd-8508-4ac34e027627', 'A042', 'เครื่องเจาะกระดาษ (เล็ก)', 'visible', 7, 2, '2024-11-04 15:16:18', '2024-11-04 15:16:18'),
(43, '947b7d8a-4983-4bad-8279-1c9cbd28108c', 'A043', 'เครื่องเจาะกระดาษ (ใหญ่)', 'visible', 7, 2, '2024-11-04 15:16:26', '2024-11-04 15:16:26'),
(44, '9b7d8a2a-0313-4b88-99e7-fb2b85f032b0', 'A044', 'เครื่องเย็บแม็ก  HD10 (ตัวเป็นเหล็ก)', 'visible', 8, 2, '2024-11-04 15:16:43', '2024-11-04 15:16:43'),
(45, '206088ce-f6a2-4601-91cf-f804f6a8d4ba', 'A045', 'เครื่องเย็บแม็ก 10D (ตัวเป็นสี)', 'visible', 8, 2, '2024-11-04 15:17:14', '2024-11-04 15:17:14'),
(46, '82f52207-72fa-4fee-ab10-cca1e6fdd32d', 'A046', 'เครื่องเย็บแม็ก HD50 (ตัวเป็นสี)', 'visible', 8, 2, '2024-11-04 15:17:24', '2024-11-04 15:17:24'),
(47, '03bbf346-766e-4ec2-8961-ed975f12c147', 'A047', 'เครื่องเหลาดินสออัตโนมัติ', 'visible', 5, 12, '2024-11-04 15:17:47', '2024-11-04 15:17:47'),
(48, '34824587-7256-4a3e-a9ab-17afc9cc36ee', 'A048', 'เจลปรับอากาศ', 'visible', 4, 13, '2024-11-04 15:23:55', '2024-11-04 15:23:55'),
(49, 'e2d8bef5-2260-4bf4-b6c0-72bed5761924', 'A049', 'ซอง CD คละสี (สีแดง ,เขียว,ชมพู,เหลือง,น้ำเงิน,ขาว)', 'visible', 5, 5, '2024-11-04 15:24:48', '2024-11-04 15:24:48'),
(50, '401691d6-f248-4096-ba4a-c4e2ab56b660', 'A050', 'ซองกระดุม', 'visible', 18, 5, '2024-11-04 15:25:32', '2024-11-04 15:25:32'),
(51, '120c517d-f129-4226-a7e1-879ba9e27ea3', 'A051', 'ซองแข็ง A3', 'visible', 6, 13, '2024-11-04 15:27:40', '2024-11-04 15:27:40'),
(52, 'eb6583c3-26ef-4344-96f5-1c2ad40f75a9', 'A052', 'ซองแข็ง A4', 'visible', 6, 13, '2024-11-04 15:27:57', '2024-11-04 15:27:57'),
(53, '3890b792-79d8-4e1c-b158-03f461ba8306', 'A053', 'ซองจดหมาย ขาว', 'visible', 4, 14, '2024-11-04 15:28:13', '2024-11-04 15:28:13'),
(54, '04abea94-45e6-4a6c-bbb6-4aa4db875b53', 'A054', 'ซองน้ำตาล A4 ขยายข้าง (แบบบาง)', 'visible', 4, 14, '2024-11-04 15:28:26', '2024-11-04 15:28:26'),
(55, '8b5d6131-d064-4c7e-9954-6212b2ae4281', 'A055', 'ซองน้ำตาล A4 ขยายข้าง (แบบหนา)', 'visible', 4, 14, '2024-11-04 15:28:40', '2024-11-04 15:28:40'),
(56, '906a7b67-3ab0-4d0b-8018-c7618672e1e6', 'A056', 'ซองน้ำตาล A4 มีเทปกาว', 'visible', 4, 14, '2024-11-04 15:28:55', '2024-11-04 15:28:55'),
(57, '0629d4e8-f0d8-42e3-8735-20475f17df09', 'A057', 'ซองน้ำตาล A4 ไม่ขยายข้าง', 'visible', 4, 14, '2024-11-04 15:29:08', '2024-11-04 15:29:08'),
(58, '80cc90fd-0502-48eb-bfff-13240b6de32c', 'A058', 'ซองน้ำตาลใหญ่ ขยายข้าง', 'visible', 4, 14, '2024-11-04 15:30:01', '2024-11-04 15:30:01'),
(59, '1fe4da24-b051-4223-9d23-23721ec0f430', 'A059', 'ซองใส่เอกสาร 11 รู (แพ็ค 100 ซอง)', 'visible', 9, 5, '2024-11-04 15:30:18', '2024-11-04 15:30:18'),
(60, 'e50572b3-ce24-4c95-9e62-ff805bd55038', 'A060', 'ซองใส่เอกสาร 11 รู (แพ็ค 20 ซอง)', 'visible', 9, 5, '2024-11-04 15:30:27', '2024-11-04 15:30:27'),
(61, '435994ad-9466-4a7f-a66e-b5e00bcca740', 'A061', 'ซองใส่เอกสาร 11 รู (แพ็ค 50 ซอง)', 'visible', 9, 5, '2024-11-04 15:30:41', '2024-11-04 15:30:41'),
(62, '46d28d79-e18e-4e51-8c68-4b4a593cb756', 'A062', 'ด้ายขาว 30 เส้น', 'visible', 5, 4, '2024-11-04 15:30:56', '2024-11-04 15:30:56'),
(63, 'e4b0892f-d1bd-40f4-b9a1-8b04e79eeb78', 'A063', 'ตรายางวันที่ มือ เลขไทย', 'visible', 5, 1, '2024-11-04 15:32:28', '2024-11-04 15:32:28'),
(64, '0463a57d-9fbe-4ca2-a7cb-fb28c71bd01f', 'A064', 'ตรายางวันที่ มือ เลขอาราบิค', 'visible', 5, 1, '2024-11-04 15:32:48', '2024-11-04 15:32:48'),
(65, '14dfcc82-94e5-41bd-9d89-3d8fe43fb430', 'A065', 'ตรายางวันที่ อัตโนมัติ เลขไทย', 'visible', 5, 1, '2024-11-04 15:33:00', '2024-11-04 15:33:00'),
(66, '95e54b59-fe52-41be-b09d-10787197405b', 'A066', 'ตรายางวันที่ อัตโนมัติ เลขอาราบิค', 'visible', 5, 1, '2024-11-04 15:33:11', '2024-11-04 15:33:11'),
(67, 'df88a167-fdfb-4196-bd42-ceb772c34a5d', 'A067', 'ตรายางสำเนาถูกต้อง (สีแดง)', 'visible', 1, 1, '2024-11-04 15:33:22', '2024-11-04 15:33:22'),
(68, 'e30436b8-5be3-4383-a921-f7d6438a49a6', 'A068', 'ตรายางสำเนาถูกต้อง (สีน้ำเงิน)', 'visible', 5, 1, '2024-11-04 15:33:33', '2024-11-04 15:33:33'),
(69, '25ab6b01-c8e8-4f10-a8d6-cdf2c81d1162', 'A069', 'ตะกร้าเหล็ก เล็ก', 'visible', 5, 1, '2024-11-04 15:34:00', '2024-11-04 15:34:00'),
(70, '80257cd6-52c0-4cb9-a616-02b3df788b6e', 'A070', 'ตะกร้าเอกสาร 2 ชั้น (เหล็ก)', 'visible', 5, 1, '2024-11-04 15:34:07', '2024-11-04 15:34:07'),
(71, 'cff3fa99-a94d-4ccb-a763-f477e19108e6', 'A071', 'ถ่าน 9V (แพ็ค 15ก้อน)', 'visible', 7, 9, '2024-11-04 15:34:20', '2024-11-04 15:34:20'),
(72, 'd3b16ea2-cf83-4d0e-84e5-52716b989de1', 'A072', 'ถ่าน AA (กล่อง 48 ก้อน)', 'visible', 7, 9, '2024-11-04 15:34:27', '2024-11-04 15:34:27'),
(73, '469c159a-b4ac-4065-beaf-6d3e934c40bf', 'A073', 'ถ่าน AAA (กล่อง 48 ก้อน)', 'visible', 7, 9, '2024-11-04 15:34:33', '2024-11-04 15:34:33'),
(74, '42bad5dc-7301-4db3-acab-7869eb15c642', 'A074', 'ทะเบียนหนังสือรับ', 'visible', 6, 15, '2024-11-04 15:34:48', '2024-11-04 15:34:48'),
(75, '847979db-a2f6-4e49-9db3-3d501cf8bbc6', 'A075', 'ทะเบียนหนังสือส่ง', 'visible', 6, 15, '2024-11-04 15:34:56', '2024-11-04 15:34:56'),
(76, 'f89b648b-44ab-49c8-8cf0-821f50b395c7', 'A076', 'ที่เข้าเล่มเอกสาร ลิ้นพลาสติก (50ชิ้น)', 'visible', 5, 9, '2024-11-04 15:35:08', '2024-11-04 15:35:08'),
(77, 'daf64a57-c74e-4daa-8373-6dfe33ef294c', 'A077', 'ที่เข้าเล่มเอกสาร ลิ้นโลหะ (50ชิ้น)', 'visible', 5, 9, '2024-11-04 15:35:19', '2024-11-04 15:35:19'),
(78, '43fe7c61-a8ad-4689-8be9-b4657c731d7a', 'A078', 'ที่คันหนังสือ', 'visible', 5, 1, '2024-11-04 15:35:27', '2024-11-04 15:35:27'),
(79, 'a676368e-8b1a-4cee-acf6-d2d130722370', 'A079', 'ที่ดึงแม็ก', 'visible', 8, 1, '2024-11-04 15:35:44', '2024-11-04 15:35:44'),
(80, '0125a0a5-fd76-43b0-aafa-ba68db02a31b', 'A080', 'ที่ดึงแม็ก ยี่ห้อนานมี', 'visible', 8, 1, '2024-11-04 15:35:54', '2024-11-04 15:35:54'),
(81, '09c9722e-3f92-44bd-b554-2cff565414d5', 'A081', 'ที่ตัดเทป PP', 'visible', 5, 1, '2024-11-04 15:38:59', '2024-11-04 15:38:59'),
(82, '2d31ad99-09b7-4199-9eae-f84ca2eebcbc', 'A082', 'เทป PP สีชา', 'visible', 10, 4, '2024-11-04 15:39:12', '2024-11-04 15:39:12'),
(83, 'eed07c24-9401-4e16-83b7-5c1037c3014c', 'A083', 'เทปPP สีใส', 'visible', 5, 4, '2024-11-04 15:39:32', '2024-11-04 15:39:32'),
(84, 'b2f06743-3baf-4db6-9c12-dacba5c6bd76', 'A084', 'เทปกาว 2 หน้า (โฟม)', 'visible', 10, 4, '2024-11-04 16:01:27', '2024-11-04 16:01:27'),
(85, '10aa55f6-3227-46db-b580-5a9ad2deb42c', 'A085', 'เทปกาวย่น 1 นิ้ว', 'visible', 10, 4, '2024-11-04 16:01:49', '2024-11-04 16:01:49'),
(86, 'fd0341e7-860b-4ecb-a2f5-389f25981370', 'A086', 'เทปกาวย่น 18 mm', 'visible', 10, 4, '2024-11-04 16:02:02', '2024-11-04 16:02:02'),
(87, '934ae9f6-2503-47c0-9979-c448d1d56950', 'A087', 'เทปกาวย่น 24 mm', 'visible', 10, 4, '2024-11-04 16:02:09', '2024-11-04 16:02:09'),
(88, 'ebfadd46-4264-43ac-9409-d1c6c3800392', 'A088', 'เทปกาวย่น 36 mm', 'visible', 10, 4, '2024-11-04 16:02:17', '2024-11-04 16:02:17'),
(89, '53197735-a646-4f15-85ff-1a7528ecc5a3', 'A089', 'เทปกาวย่น สีน้ำเงิน (เล็ก)', 'visible', 10, 4, '2024-11-04 16:02:32', '2024-11-04 16:02:32'),
(90, 'bd3f96f5-b9b8-41a2-a761-3b2af92a3cea', 'A090', 'เทปกาวย่น สีน้ำเงิน (ใหญ่)', 'visible', 10, 4, '2024-11-04 16:20:29', '2024-11-04 16:20:29'),
(91, '8d5dab4c-c694-427c-b764-6a2adf9c741a', 'A091', 'เทปกาวย่น สีม่วง (เล็ก)', 'visible', 10, 4, '2024-11-04 16:23:33', '2024-11-04 16:23:33'),
(92, '2c91cb6a-137a-4d7f-9707-8c41d135a620', 'A092', 'เทปกาวเยื่อ (ม้วนเล็ก)', 'visible', 10, 4, '2024-11-04 16:23:52', '2024-11-04 16:23:52'),
(93, '5c0a1cd6-4f80-4dd1-9c6b-f90f3710e159', 'A093', 'เทปกาวเยื่อ (ม้วนใหญ่)', 'visible', 10, 4, '2024-11-04 16:24:02', '2024-11-04 16:24:02'),
(94, 'cad429cb-e2f2-4594-8469-1f2c06663c80', 'A094', 'เทปขาว-แดง', 'visible', 7, 4, '2024-11-04 16:24:28', '2024-11-04 16:24:28'),
(95, '5dd46ce1-d6fe-4576-9f18-5f3763dbc530', 'A095', 'เทปผ้า  1.5 นิ้ว สีชมพู', 'visible', 10, 4, '2024-11-04 16:24:38', '2024-11-04 16:24:38'),
(96, '59adf017-b3db-4eef-b3a6-48a5a5be1d9f', 'A096', 'เทปผ้า  1.5 นิ้ว สีเทา', 'visible', 10, 4, '2024-11-04 16:25:30', '2024-11-04 16:25:30'),
(97, '005c62bc-f78c-421e-9a25-1834ac19d9db', 'A097', 'เทปผ้า  1.5 นิ้ว สีน้ำเงิน', 'visible', 10, 4, '2024-11-04 16:25:37', '2024-11-04 16:25:37'),
(98, '2cf77ed9-d477-40ad-854d-9865d7819e9a', 'A098', 'เทปผ้า  1.5 นิ้ว สีเหลือง', 'visible', 10, 4, '2024-11-04 16:25:44', '2024-11-04 16:25:44'),
(99, 'c07cbf8e-a7a7-4f62-8271-ae371daa9aef', 'A099', 'เทปผ้า  48 mm  สีเขียว', 'visible', 10, 4, '2024-11-04 16:25:51', '2024-11-04 16:25:51'),
(100, '9baa9ce0-2b94-4f06-93e4-c7c38af322e3', 'A100', 'เทปผ้า  48 mm  สีชมพู', 'visible', 10, 4, '2024-11-04 16:26:00', '2024-11-04 16:26:00'),
(101, 'bc91b398-84f7-4b59-b3c6-74f4aabffe7e', 'A101', 'เทปผ้า  48 mm  สีดำ', 'visible', 10, 4, '2024-11-04 16:26:05', '2024-11-04 16:26:05'),
(102, '64889265-3ba2-4cc3-817a-f060131cb520', 'A102', 'เทปผ้า  48 mm  สีเทา', 'visible', 10, 4, '2024-11-04 16:26:18', '2024-11-04 16:26:18'),
(103, '113cd5b9-527f-4b6b-b014-d889eef62314', 'A103', 'เทปผ้า  48 mm  สีน้ำเงิน', 'visible', 10, 4, '2024-11-04 16:26:32', '2024-11-04 16:26:32'),
(104, '4952f992-d337-4b09-939e-9d317fb1303b', 'A104', 'เทปผ้า  48 mm  สีเหลือง', 'visible', 10, 4, '2024-11-04 16:26:40', '2024-11-04 16:26:40'),
(105, '6d91529e-c003-46fd-975a-34dd78a18af8', 'A105', 'เทปผ้า  ใหญ่สุด  สีชมพู', 'visible', 10, 4, '2024-11-04 16:26:52', '2024-11-04 16:26:52'),
(106, 'a01ef042-51a3-421a-ae5f-fcf98b8b300d', 'A106', 'เทปผ้า  ใหญ่สุด  สีน้ำเงิน', 'visible', 10, 4, '2024-11-04 16:27:01', '2024-11-04 16:27:01'),
(107, '62a61476-89fe-49ef-935e-e0ab76dc379e', 'A107', 'เทปผ้า  ใหญ่สุด  สีเหลือง', 'visible', 10, 4, '2024-11-04 16:27:13', '2024-11-04 16:27:13'),
(108, '2acdaa84-1b5b-4377-a2e7-903eb8ab145f', 'A108', 'เทปพันเกลียว', 'visible', 10, 4, '2024-11-04 16:27:23', '2024-11-04 16:27:23'),
(109, 'decae946-655c-4ed7-912d-22af2c8606ea', 'A109', 'เทปพันสายไฟ', 'visible', 10, 4, '2024-11-04 16:27:31', '2024-11-04 16:27:31'),
(110, '86da5f3e-3443-46d1-8753-f1fd5338abb3', 'A110', 'เทปพิมพ์อักษร Epson LK-4WBN', 'visible', 11, 4, '2024-11-04 16:27:40', '2024-11-04 16:27:40'),
(111, '0df7003d-7faa-4ebb-b3a6-ce5db02d83d4', 'A111', 'เทปลบคำผิด', 'visible', 1, 1, '2024-11-04 16:27:50', '2024-11-04 16:27:50'),
(112, 'f6a38c01-80f3-4e5c-9c23-5418f44c11c3', 'A112', 'เทปใส แกน 1 นิ้ว', 'visible', 10, 4, '2024-11-05 13:06:39', '2024-11-05 13:06:39'),
(113, '0f66865b-4185-43bd-b33b-9c27350f10a4', 'A113', 'เทปใส แกน 1 นิ้ว 12 mm', 'visible', 10, 4, '2024-11-05 13:06:48', '2024-11-05 13:06:48'),
(114, 'a2c321e2-e0be-48a9-b939-4fa45eec7783', 'A114', 'เทปใส แกน 1 นิ้ว 24 mm', 'visible', 10, 4, '2024-11-05 13:07:02', '2024-11-05 13:07:02'),
(115, '278e72c7-da59-4b15-a4d4-d813274d996a', 'A115', 'เทปใส แกน 1 นิ้ว 3/4 นิ้ว', 'visible', 10, 4, '2024-11-05 13:07:11', '2024-11-05 13:07:11'),
(116, '9b14ee41-9ecc-4c1a-bfcf-d02600b1c117', 'A116', 'เทปใส แกน 3 นิ้ว', 'visible', 10, 4, '2024-11-05 13:07:24', '2024-11-05 13:07:24'),
(117, '7558d9bf-718d-48e4-86fe-32295eab99f6', 'A117', 'แท่นประทับตรา ดำ #2', 'visible', 5, 1, '2024-11-05 13:07:38', '2024-11-05 13:07:38'),
(118, '28822c5a-ca1a-4d8e-a226-7ff6133cee7b', 'A118', 'แท่นประทับตรา แดง #1', 'visible', 5, 1, '2024-11-05 13:07:48', '2024-11-05 13:07:48'),
(119, '84de436f-8ff6-4e14-857f-d78c919bd3e8', 'A119', 'แท่นประทับตรา แดง #2', 'visible', 5, 1, '2024-11-05 13:07:55', '2024-11-05 13:07:55'),
(120, 'e6dc5441-b947-43a6-9d2e-79245186dd29', 'A120', 'แท่นประทับตรา แดง #3', 'visible', 5, 1, '2024-11-05 13:08:04', '2024-11-05 13:08:04'),
(121, 'a49b909a-6a70-4bdf-a854-e5c414163ed7', 'A121', 'แท่นประทับตรา น้ำเงิน #1', 'visible', 5, 1, '2024-11-05 13:08:09', '2024-11-05 13:08:09'),
(122, '424b0677-a33d-478c-b4a8-a28895c422b1', 'A122', 'แท่นประทับตรา น้ำเงิน #2', 'visible', 5, 1, '2024-11-05 13:08:38', '2024-11-05 13:08:38'),
(123, '57bb1a41-901a-4177-8608-c2577b7f7d33', 'A123', 'แท่นประทับตรา น้ำเงิน #3', 'visible', 5, 1, '2024-11-05 13:08:45', '2024-11-05 13:08:45'),
(124, 'd81fe885-45b4-44ff-8a0d-aa9f2b427e5e', 'A124', 'แท่นประทับตรา น้ำเงิน+แดง #00', 'visible', 5, 1, '2024-11-05 13:08:53', '2024-11-05 13:08:53'),
(125, 'f9b7d2d8-9075-47ad-9549-be869bceb1d0', 'A125', 'ธง ภปร. (ร9) เล็ก (60*90 ซม.)', 'visible', 5, 16, '2024-11-05 13:09:03', '2024-11-05 13:09:03'),
(126, 'cc1a77d1-cdb6-42e3-ad35-49e4059bd7dc', 'A126', 'ธง ภปร. (ร9) ใหญ่ (80*120 ซม.)', 'visible', 5, 16, '2024-11-05 13:09:10', '2024-11-05 13:09:10'),
(127, '27fe0009-f8f0-4c90-b564-21f42cbbcc56', 'A127', 'ธง วปร. (ร10) เล็ก (60*90 ซม.)', 'visible', 5, 16, '2024-11-05 13:09:21', '2024-11-05 13:09:21'),
(128, '320cb964-c816-4b32-9dd9-d876f5d34381', 'A128', 'ธง วปร. (ร10) ใหญ่ (80*120 ซม.)', 'visible', 5, 16, '2024-11-05 13:09:31', '2024-11-05 13:09:31'),
(129, 'f60325b6-6938-441f-becb-9c24e8996752', 'A129', 'ธง วันแม่ (12 ส.ค.) เล็ก (60*90 ซม.)', 'visible', 5, 16, '2024-11-05 13:10:14', '2024-11-05 13:10:14'),
(130, 'b54a6a8d-f832-46ae-ae61-027d1e42b23b', 'A130', 'ธง วันแม่ (12 ส.ค.) ใหญ่ (80*120 ซม.)', 'visible', 5, 16, '2024-11-05 13:11:09', '2024-11-05 13:11:09'),
(131, 'a263b560-56b2-4c8c-8785-b2474c9d644e', 'A131', 'ธง สท. (3มิ.ย.) เล็ก (60*90 ซม.)', 'visible', 5, 16, '2024-11-05 13:11:22', '2024-11-05 13:11:22'),
(132, '36f142c9-ecff-4146-90c5-a60cd1a7c096', 'A132', 'ธง สท. (3มิ.ย.) ใหญ่ (80*120 ซม.)', 'visible', 5, 16, '2024-11-05 13:11:30', '2024-11-05 13:11:30'),
(133, '512af666-f871-4bcc-971d-1b28093c4e13', 'A133', 'ธงชาติ  เล็ก (60*90 ซม.)', 'visible', 5, 16, '2024-11-05 13:11:48', '2024-11-05 13:11:48'),
(134, 'ef6a8648-c1ee-4d7d-8508-8bae9a1d6d8d', 'A134', 'ธงชาติ  ใหญ่ (80*120 ซม.)', 'visible', 5, 16, '2024-11-05 13:12:07', '2024-11-05 13:12:07'),
(135, 'ea724a63-0c8d-4d1f-b58a-b5082168a974', 'A135', 'บาลาสอิเลคทรอนิคส์ Philips 28 วัตต์', 'visible', 12, 1, '2024-11-05 13:12:41', '2024-11-05 13:12:41'),
(136, '2082a83c-f8c7-4f53-8eb7-7611f0a99869', 'A136', 'ใบมีด เล็ก (กล่อง 6ใบ)', 'visible', 2, 9, '2024-11-05 13:12:51', '2024-11-05 13:12:51'),
(137, '322f552e-f37e-4f20-85a9-dc1793aea957', 'A137', 'ใบมีด ใหญ่ (กล่อง 10ใบ)', 'visible', 2, 9, '2024-11-05 13:13:02', '2024-11-05 13:13:02'),
(138, '3b2f169c-1f63-438e-b447-76e6faca3149', 'A138', 'ใบมีด ใหญ่ (กล่อง 5ใบ)', 'visible', 2, 9, '2024-11-05 13:13:10', '2024-11-05 13:13:10'),
(139, '94120ed2-cf1d-4c57-9f51-f58deb9d0e37', 'A139', 'ปกใส (100แผ่น)', 'visible', 6, 9, '2024-11-05 13:13:19', '2024-11-05 13:13:19'),
(140, 'aa2b0e00-f2be-4433-b462-6946c893e53d', 'A140', 'ปกใส (20แผ่น)', 'visible', 6, 5, '2024-11-05 13:13:31', '2024-11-05 13:13:31'),
(141, 'e6ae4211-4098-473f-8d2d-1dac4ef9f5e2', 'A141', 'ปากกาเขียน CD ชุด 4 สี', 'visible', 1, 17, '2024-11-05 13:13:41', '2024-11-05 13:13:41'),
(142, '98cd257d-8b9b-4613-b73e-9264b19e3fc3', 'A142', 'ปากกาเขียนครุภัณฑ์ เล็ก (สีขาว)', 'visible', 1, 18, '2024-11-05 13:13:50', '2024-11-05 13:13:50'),
(143, '33f694b3-9ea3-45d0-8b01-45fc594ade63', 'A143', 'ปากกาเขียนครุภัณฑ์ เล็ก (สีน้ำเงิน)', 'visible', 1, 18, '2024-11-05 13:14:02', '2024-11-05 13:14:02'),
(144, '251b02a3-5c9c-4a5f-8245-867caf1eeaea', 'A144', 'ปากกาเขียนครุภัณฑ์ ใหญ่ (สีขาว)', 'visible', 1, 18, '2024-11-05 13:14:09', '2024-11-05 13:14:09'),
(145, '59ab1584-c5d9-4d7a-9fa3-5fbb57ebab8e', 'A145', 'ปากกาเขียนครุภัณฑ์ ใหญ่ (สีน้ำเงิน)', 'visible', 1, 18, '2024-11-05 13:14:17', '2024-11-05 13:14:17'),
(146, '3556bff3-b1dd-4e2c-b450-34494d5d2f4b', 'A146', 'ปากกาเคมี สีดำ', 'visible', 7, 6, '2024-11-05 13:14:26', '2024-11-05 13:14:26'),
(147, '6b634146-a9cf-4ac4-8def-219c2a89d439', 'A147', 'ปากกาเคมี สีน้ำเงิน', 'visible', 7, 6, '2024-11-05 13:14:36', '2024-11-05 13:14:36'),
(148, 'cc570ac1-e85a-45e0-bcb0-cfd28af41856', 'A148', 'ปากกาดำเจล 0.5 mm', 'visible', 7, 18, '2024-11-05 13:14:44', '2024-11-05 13:15:06'),
(149, '41fa0dbb-4434-45c4-8a9f-616e2af26a25', 'A149', 'ปากกาแดงเจล 0.5', 'visible', 1, 18, '2024-11-05 13:15:20', '2024-11-05 13:15:20'),
(150, 'c1bd3dc9-41f6-4d86-b0a9-ccdfe775d491', 'A150', 'ปากกาเน้นข้อความ ด้ามเล็ก (ชุด3สี)', 'visible', 3, 17, '2024-11-05 13:15:32', '2024-11-05 13:15:32'),
(151, '849d2e06-ab8e-4175-a575-363bf39d29dd', 'A151', 'ปากกาเน้นข้อความ สีเขียว', 'visible', 3, 18, '2024-11-05 13:15:39', '2024-11-05 13:15:39'),
(152, '9dc839c9-f526-4e28-a0c5-40f0f3af3c58', 'A152', 'ปากกาเน้นข้อความ สีชมพู', 'visible', 3, 18, '2024-11-05 13:15:47', '2024-11-05 13:15:47'),
(153, 'e96237cb-4f05-4074-9bd1-648210130d0a', 'A153', 'ปากกาเน้นข้อความ สีม่วง', 'visible', 3, 18, '2024-11-05 13:15:56', '2024-11-05 13:15:56'),
(154, '4d3348f4-1b86-42e2-b2df-c49cc8c0a797', 'A154', 'ปากกาเน้นข้อความ สีส้ม', 'visible', 3, 18, '2024-11-05 13:16:04', '2024-11-05 13:16:04'),
(155, 'f1248a42-476f-409d-8667-a14523d95c7e', 'A155', 'ปากกาเน้นข้อความ สีเหลือง', 'visible', 3, 18, '2024-11-05 13:16:13', '2024-11-05 13:16:13'),
(156, 'fd64911e-2707-427e-b5d0-95b416b292b7', 'A156', 'ปากกาเมจิค สีดำ', 'visible', 3, 18, '2024-11-05 13:16:21', '2024-11-05 13:16:21'),
(157, '149002e6-4806-4b86-8004-b6a21293d168', 'A157', 'ปากกาเมจิค สีแดง', 'visible', 3, 18, '2024-11-05 13:16:30', '2024-11-05 13:16:30'),
(158, '104c2cab-7403-45d3-b818-d186389a1cb2', 'A158', 'ปากกาเมจิค สีน้ำเงิน', 'visible', 3, 18, '2024-11-05 13:16:56', '2024-11-05 13:16:56'),
(159, '59c883f6-3867-4d70-ac23-d1567d1fa4a6', 'A159', 'ปากกาเมจิค สีม่วง', 'visible', 3, 18, '2024-11-05 13:17:03', '2024-11-05 13:17:03'),
(160, '80ede8d8-c3b5-45c9-8381-5796e616f237', 'A160', 'ปากกาลบคำผิด แบบแท่ง', 'visible', 2, 6, '2024-11-05 13:17:15', '2024-11-05 13:17:15'),
(161, '2cd82810-37bc-4a15-a5fc-75a1c368775e', 'A161', 'ปากกาไวท์บอร์ด สีเขียว', 'visible', 3, 18, '2024-11-05 13:17:27', '2024-11-05 13:17:27'),
(162, 'ca14790e-fad8-4267-bb1b-835cf67a86b6', 'A162', 'ปากกาไวท์บอร์ด สีแดง', 'visible', 3, 18, '2024-11-05 13:17:38', '2024-11-05 13:17:38'),
(163, 'afd7f5a1-3407-4e55-b40c-8cc2be0d767d', 'A163', 'ปากกาไวท์บอร์ด สีน้ำเงิน', 'visible', 3, 18, '2024-11-05 13:17:51', '2024-11-05 13:17:51'),
(164, '1c518cc0-a570-4d9b-9cbe-641f4e96b598', 'A164', 'ป้านสติ๊กเกอร์ ลาเบล (19*50 mm)', 'visible', 13, 5, '2024-11-05 13:18:02', '2024-11-05 13:18:02'),
(165, '57a89643-d292-473a-8591-6742c1349436', 'A165', 'ป้านสติ๊กเกอร์ ลาเบล (25*50 mm)', 'visible', 13, 5, '2024-11-05 13:18:17', '2024-11-05 13:18:17'),
(166, 'a572bd18-ae61-4743-80e7-dd31409ee705', 'A166', 'ป้านสติ๊กเกอร์ ลาเบล (ใหญ่)', 'visible', 13, 5, '2024-11-05 13:18:33', '2024-11-05 13:18:33'),
(167, '5de09b00-5329-4e11-8121-ab53c2678ab3', 'A167', 'ป้ายข้อความ (ดึง)', 'visible', 13, 13, '2024-11-05 13:18:46', '2024-11-05 13:18:46'),
(168, 'f99b9e2a-adb1-4ad7-a71d-78b84bc6e328', 'A168', 'ป้ายข้อความ (ถอดรองเท้า)', 'visible', 13, 13, '2024-11-05 13:19:01', '2024-11-05 13:19:01'),
(169, '691f943c-fef9-477e-8cd4-a44192897f1c', 'A169', 'ป้ายข้อความ (ผลัก)', 'visible', 13, 13, '2024-11-05 13:19:11', '2024-11-05 13:19:11'),
(170, '67cc6ef1-2c24-4399-9ee5-5da493877472', 'A170', 'แปลงลบกระดาน', 'visible', 17, 1, '2024-11-05 13:19:47', '2024-11-05 13:19:47'),
(171, 'f0f64567-5f9f-4bef-8f52-732d1a757e62', 'A171', 'แผ่น CD (50 แผ่น)', 'visible', 5, 19, '2024-11-05 13:20:02', '2024-11-05 13:20:02'),
(172, '5eaf2397-a238-47cc-b5c1-3531978e3b8b', 'A172', 'แผ่น DVD (50 แผ่น)', 'visible', 5, 19, '2024-11-05 13:20:22', '2024-11-05 13:20:22'),
(173, '41ec66a3-aa6f-4b36-ad31-bcd8fe40134e', 'A173', 'แผ่นเคลือบเอกสาร A3', 'visible', 6, 9, '2024-11-05 13:20:39', '2024-11-05 13:20:39'),
(174, '549abf8a-0af7-420b-afc8-978eed2b7a0a', 'A174', 'แผ่นเคลือบเอกสาร A4', 'visible', 6, 9, '2024-11-05 13:20:53', '2024-11-05 13:20:53'),
(175, '2791b876-1ab4-4a9d-81a3-39483a18ea3d', 'A175', 'แผ่นรองเซ็น A4', 'visible', 14, 1, '2024-11-05 13:21:02', '2024-11-05 13:21:02'),
(176, '52adcd82-4bd0-4e96-b3b8-c86517efb543', 'A176', 'แผ่นรองเซ็น A4 พลาสติกสีน้ำเงิน', 'visible', 5, 1, '2024-11-05 13:21:24', '2024-11-05 13:21:24'),
(177, 'e897082b-5c92-44dd-b6fe-1e5305666666', 'A177', 'แผ่นรองเซ็น F4 พลาสติก', 'visible', 5, 1, '2024-11-05 13:21:44', '2024-11-05 13:21:44'),
(178, 'f199bfa6-7bb7-43cd-b1e5-38578584b37b', 'A178', 'แผ่นรองเมาส์ แข็ง', 'visible', 1, 2, '2024-11-05 13:21:59', '2024-11-05 13:21:59'),
(179, 'e980a31d-58e7-4663-8f80-3474704832a3', 'A179', 'แผ่นสักหลาดมีกาว', 'visible', 1, 5, '2024-11-05 13:22:13', '2024-11-05 13:22:13'),
(180, '1f89f522-3d0f-4371-adca-f289f0fd5053', 'A180', 'โพสอิท 3*3 (Popup) ', 'visible', 2, 15, '2024-11-05 13:22:38', '2024-11-05 13:22:38'),
(181, '751b0c6f-ac1c-4ae8-973e-4b8edb2f6f87', 'A181', 'โพสอิท 3*3 (คละสี) ', 'visible', 2, 15, '2024-11-05 13:22:47', '2024-11-05 13:22:47'),
(182, '3f2367eb-74ab-4d14-809a-dcfdf4c76257', 'A182', 'โพสอิท ดัชนี', 'visible', 2, 5, '2024-11-05 13:22:54', '2024-11-05 13:22:54'),
(183, '8cf15344-c3b6-4126-bb9a-f105c25feebe', 'A183', 'โพสอิท แฟล็กซ์', 'visible', 2, 5, '2024-11-05 13:23:01', '2024-11-05 13:23:01'),
(184, '43486003-b646-4108-bb5a-16d32f283079', 'A184', 'โพสอิท แฟล็กซ์ (มีกล่องเก็บ)', 'visible', 2, 17, '2024-11-05 13:23:10', '2024-11-05 13:23:10'),
(185, '70e92f07-c095-4515-9b61-4717463925b6', 'A185', 'แฟ้มกระดุม A4 1 กระดุม สีขาว (แพ็ค6 ชิ้น)', 'visible', 14, 5, '2024-11-05 13:23:19', '2024-11-05 13:23:19'),
(186, '16c2c4e8-f5e9-4e35-9382-dc30a9e5a1dd', 'A186', 'แฟ้มกระดุม A4 1 กระดุม สีน้ำเงิน (แพ็ค6 ชิ้น)', 'visible', 14, 5, '2024-11-05 13:23:27', '2024-11-05 13:23:27'),
(187, '7946cfa8-20d3-4fda-a667-39175466f817', 'A187', 'แฟ้มกระดุม ใหญ่ 1 กระดุม ', 'visible', 14, 13, '2024-11-05 13:23:46', '2024-11-05 13:23:46'),
(188, '331503d3-4c68-480e-a445-019145d0c533', 'A188', 'แฟ้มกระดุม ใหญ่ 2 กระดุม  (แพ็ค6ชิ้น)', 'visible', 14, 5, '2024-11-05 13:23:55', '2024-11-05 13:23:55'),
(189, 'fbc4e4c9-ae1e-4057-a6be-272b90b7d6ec', 'A189', 'แฟ้มแขวน (แพ็ค 6 ชิ้น)', 'visible', 4, 5, '2024-11-05 13:24:01', '2024-11-05 13:24:01'),
(190, '9b6f480b-758b-42fc-8da1-69af6be58907', 'A190', 'แฟ้มซอง A4  สีม่วง (แพ็ค12ชิ้น)', 'visible', 15, 5, '2024-11-05 13:24:15', '2024-11-05 13:24:15'),
(191, 'd5c8b9a6-9627-42ab-9acb-f6d317626d88', 'A191', 'แฟ้มซอง A4 สีขาว (แพ็ค12ชิ้น)', 'visible', 15, 5, '2024-11-05 13:24:25', '2024-11-05 13:24:25'),
(192, 'b57b284a-2c71-48d9-9202-cb241a2ea763', 'A192', 'แฟ้มซอง A4 สีเขียว (แพ็ค12ชิ้น)', 'visible', 15, 5, '2024-11-05 13:24:32', '2024-11-05 13:24:32'),
(193, 'e9da7074-c382-44df-a2f4-09bb84c3b5e4', 'A193', 'แฟ้มซอง A4 สีชมพูอ่อน (แพ็ค12ชิ้น)', 'visible', 15, 5, '2024-11-05 13:24:41', '2024-11-05 13:24:41'),
(194, 'adbd8c88-b4d4-4d42-b48d-15960d8a67f6', 'A194', 'แฟ้มซอง A4 สีแดง (แพ็ค12ชิ้น)', 'visible', 15, 5, '2024-11-05 13:24:49', '2024-11-05 13:24:49'),
(195, 'dfd5be28-6bce-4069-916d-fc5b69fb1209', 'A195', 'แฟ้มซอง A4 สีฟ้า (แพ็ค12ชิ้น)', 'visible', 15, 5, '2024-11-05 13:24:59', '2024-11-05 13:24:59'),
(196, 'b53fb661-0f5b-4ce8-9c04-173595d79258', 'A196', 'แฟ้มซอง A4 สีใส (แพ็ค12ชิ้น)', 'visible', 15, 5, '2024-11-05 13:25:10', '2024-11-05 13:25:10'),
(197, '299efdc6-2081-4552-aa8f-fd3ed5897d53', 'A197', 'แฟ้มซอง A4 สีโอรส (แพ็ค12ชิ้น)', 'visible', 15, 5, '2024-11-05 13:25:21', '2024-11-05 13:25:21'),
(198, '6605a55a-c680-4c57-aaad-f0fa7a58e59c', 'A198', 'แฟ้มซอง F4 สีเหลือง', 'visible', 18, 5, '2024-11-05 13:25:38', '2024-11-05 13:25:38'),
(199, '8ce26558-928b-4767-ac97-9b7a7bd2c0df', 'A199', 'แฟ้มเสนอเซ็น A4', 'visible', 4, 20, '2024-11-05 13:25:45', '2024-11-05 13:25:45'),
(200, '2126a2f8-970b-423d-b5b2-2c6245ad9d78', 'A200', 'แฟ้มเสนอเซ็น F4', 'visible', 16, 20, '2024-11-05 13:25:55', '2024-11-05 13:25:55'),
(201, '5d6c8292-9923-4f4e-9189-e1db6a639614', 'A201', 'มีดคัตเตอร์ พลาสติก (ใหญ่)', 'visible', 2, 1, '2024-11-05 13:26:06', '2024-11-05 13:26:06'),
(202, '6ef6ee95-3e2e-41f1-b6df-1028aef726d3', 'A202', 'มีดคัตเตอร์ สแตนเลส (เล็ก)', 'visible', 3, 1, '2024-11-05 13:26:13', '2024-11-05 13:26:13'),
(203, 'ee743ad7-7af8-470b-b0f0-f5de4ac187c2', 'A203', 'มีดคัตเตอร์ สแตนเลส (ใหญ่)', 'visible', 2, 1, '2024-11-05 13:28:40', '2024-11-05 13:28:40'),
(204, '017510da-82b0-4afe-ab43-abb250073018', 'A204', 'แม็กยิงบอร์ด T3-10MB', 'visible', 17, 9, '2024-11-05 13:28:49', '2024-11-05 13:28:49'),
(205, '79d51334-1e83-4d91-b4aa-4fb67a14cca1', 'A205', 'แม็คยิงบอร์ด', 'visible', 5, 12, '2024-11-05 13:28:59', '2024-11-05 13:28:59'),
(206, 'fea6e2d2-684f-4cd3-8781-179a0cf415fa', 'A206', 'ไม้บรรทัด 24 นิ้ว (พลาสติก)', 'visible', 5, 1, '2024-11-05 13:29:12', '2024-11-05 13:29:12'),
(207, '0faffa54-7626-4e06-a72b-b4f3945947e2', 'A207', 'ไม้บรรทัดพลาสติก 15cm', 'visible', 1, 1, '2024-11-05 13:29:19', '2024-11-05 13:29:19'),
(208, '1bb4ce5f-2b4d-4139-92eb-625f110774c1', 'A208', 'ยางลบ', 'visible', 1, 21, '2024-11-05 13:29:29', '2024-11-05 13:29:29'),
(209, '22c087c2-e20a-4a7a-910e-83a27ec79a84', 'A209', 'ยางลบ pentel', 'visible', 1, 21, '2024-11-05 13:29:43', '2024-11-05 13:29:43'),
(210, '6a32c84a-5b3a-4ffa-9f26-1e296f2125f4', 'A210', 'ยางลบ Staedtler', 'visible', 1, 21, '2024-11-05 13:29:51', '2024-11-05 13:29:51'),
(211, 'd667bfeb-e30c-448b-96f2-0b7da13086ee', 'A211', 'ลวดเย็็บ #10', 'visible', 8, 9, '2024-11-05 13:29:59', '2024-11-05 13:29:59'),
(212, '391663d5-6024-491e-a6f9-485c8b4a0f0c', 'A212', 'ลวดเย็บ #3 1M', 'visible', 8, 9, '2024-11-05 13:30:20', '2024-11-05 13:30:20'),
(213, '7be5cefb-166d-40a2-94c4-3c8267565f62', 'A213', 'ลวดเย็บ #35 1M', 'visible', 8, 9, '2024-11-05 13:30:48', '2024-11-05 13:30:48'),
(214, 'd9bda9dd-ce4b-4b1b-9ca0-869e6c1a62c7', 'A214', 'ลวดเย็บ M8-1M', 'visible', 8, 9, '2024-11-05 13:31:00', '2024-11-05 13:31:00'),
(215, 'eaa305a7-6608-414b-a036-a7e5ed816630', 'A215', 'ลวดเย็บ M8-5M โค้ง', 'visible', 8, 9, '2024-11-05 13:31:09', '2024-11-05 13:31:09'),
(216, 'f895422c-bc67-4ffb-91f7-483ae4ee3143', 'A216', 'ลูกแม็กเย็บเล่ม 23/10', 'visible', 17, 9, '2024-11-05 13:31:46', '2024-11-05 13:31:46'),
(217, 'c1cfd4e5-4ad6-403b-99b7-ddaeba31ae7e', 'A217', 'ลูกแม็กเย็บเล่ม 23/13', 'visible', 17, 9, '2024-11-05 13:32:11', '2024-11-05 13:32:11'),
(218, 'ac7cb6ac-f5bf-4429-92bb-a06cf3633d54', 'A218', 'ลูกแม็กเย็บเล่ม 23/15', 'visible', 17, 9, '2024-11-05 13:32:25', '2024-11-05 13:32:25'),
(219, 'bc423ce1-8fa9-4f4a-a055-e5d4049054bd', 'A219', 'ลูกแม็กเย็บเล่ม 23/17', 'visible', 17, 9, '2024-11-05 13:32:37', '2024-11-05 13:32:37'),
(220, '995f6813-31f2-468d-b05c-bede3c291c76', 'A220', 'ลูกแม็กเย็บเล่ม 23/20', 'visible', 17, 9, '2024-11-05 13:33:22', '2024-11-05 13:33:22'),
(221, '276dae19-6ba7-4d14-84b7-d11b55750893', 'A221', 'ลูกแม็กเย็บเล่ม 23/24', 'visible', 17, 9, '2024-11-05 13:33:41', '2024-11-05 13:33:41'),
(222, '9fb37c80-55a7-4b9a-b8ce-dde409b7bffb', 'A222', 'ลูกแม็กเย็บเล่ม 23/8', 'visible', 17, 9, '2024-11-05 13:33:55', '2024-11-05 13:33:55'),
(223, 'be899fdf-d23d-417e-97ec-70a5e126ee0d', 'A223', 'ลูกสูบฟลัชวาล์ว TOTO', 'visible', 12, 17, '2024-11-05 13:34:25', '2024-11-05 13:34:25'),
(224, '37652023-f6c6-40f1-91c8-533d587fa46a', 'A224', 'สติ๊กเกอร์ CD (50แผ่น) 100ดวง', 'visible', 5, 5, '2024-11-05 13:34:35', '2024-11-05 13:34:35'),
(225, '4b44afe5-6ea7-4a59-ac9b-59cea70b09d9', 'A225', 'สติ๊กเกอร์ ขาวด้าน (100 แผ่น)', 'visible', 6, 9, '2024-11-05 13:34:45', '2024-11-05 13:34:45'),
(226, 'ccfbe25a-a833-48ec-a7c6-34b4b80fa915', 'A226', 'สเปรย์ ปรับอากาศ', 'visible', 4, 22, '2024-11-05 13:34:54', '2024-11-05 13:34:54'),
(227, 'e33deb15-7080-446c-bc2e-765cf9c93992', 'A227', 'สเปรย์ ยาฉีดยุง', 'visible', 4, 22, '2024-11-05 13:35:06', '2024-11-05 13:35:06'),
(228, '507c55df-af0b-4e95-9cd5-b40ae8a2990e', 'A228', 'สมุดมุมมัน', 'visible', 6, 15, '2024-11-05 13:35:18', '2024-11-05 13:35:18'),
(229, 'c6a08dc8-6634-4201-a27a-7276ba97c75f', 'A229', 'สันรูด เข้าเล่ม 3mm คละสี (12ชิ้น)', 'visible', 5, 5, '2024-11-05 13:35:29', '2024-11-05 13:35:29'),
(230, 'ba4ab901-ac96-4e60-a466-f6405e75eb73', 'A230', 'สันรูด เข้าเล่ม 5mm คละสี (12ชิ้น)', 'visible', 5, 5, '2024-11-05 13:35:37', '2024-11-05 13:35:37'),
(231, 'bf322b5a-2b69-4676-b0bc-b21f85afd4e4', 'A231', 'สายฉีดชำระ Hafele', 'visible', 12, 17, '2024-11-05 13:35:51', '2024-11-05 13:35:51'),
(232, '2521ac19-7f81-4f81-aefe-8da5256bd011', 'A232', 'สีเมจิก ชุด12สี', 'visible', 13, 17, '2024-11-05 13:36:05', '2024-11-05 13:36:05'),
(233, '8a514b42-9cd1-4f82-9b85-b3a01f4244dc', 'A233', 'สีไม้ตราม้า (24 สี)', 'visible', 5, 9, '2024-11-05 13:36:11', '2024-11-05 13:36:11'),
(234, '86d4c596-82c4-4d84-a0ca-6263721d040e', 'A234', 'ไส้ไก่พันสายไฟ เล็ก', 'visible', 14, 5, '2024-11-05 13:36:18', '2024-11-05 13:36:18'),
(235, 'f626535f-c74a-4ba2-883f-cb71cbb5ae21', 'A235', 'หน้ากากอนามัย', 'visible', 5, 9, '2024-11-05 13:36:25', '2024-11-05 13:36:25'),
(236, '72f50318-c9b1-4252-aa16-452ca93070ce', 'A236', 'หน้ากากอนามัย 3M', 'visible', 5, 9, '2024-11-05 13:36:43', '2024-11-05 13:36:43'),
(237, '8ee8446a-8f9a-44e5-9520-e335cf9c5e6b', 'A237', 'หมึกเติมตรายางวันที่ สีแดง', 'visible', 5, 1, '2024-11-05 13:36:56', '2024-11-05 13:36:56'),
(238, '90770ac2-5e30-4406-9ead-a61bdbfc4c48', 'A238', 'หมึกเติมแท่น สีเขียว', 'visible', 5, 8, '2024-11-05 13:37:06', '2024-11-05 13:37:06'),
(239, 'bd334e37-ce61-40c8-a121-42d8a739a3a4', 'A239', 'หมึกเติมแท่น สีแดง', 'visible', 5, 8, '2024-11-05 13:37:17', '2024-11-05 13:37:17'),
(240, '304d6726-6079-439c-a881-531809ce2b43', 'A240', 'หมึกเติมแท่น สีน้ำเงิน', 'visible', 5, 8, '2024-11-05 13:37:26', '2024-11-05 13:37:26'),
(241, '0724099c-a3e0-4f79-8662-6aab84b6b2e5', 'A241', 'หมุดปักบอร์ด (100ตัว)', 'visible', 7, 9, '2024-11-05 13:37:34', '2024-11-05 13:37:34'),
(242, '21324f42-fff8-4140-acb6-c666c7545474', 'A242', 'หมุดปักบอร์ด (50ตัว)', 'visible', 7, 9, '2024-11-05 13:37:43', '2024-11-05 13:37:43'),
(243, '400d0ce4-6dc3-4ae9-8de0-5bb928bd7bc4', 'A243', 'หลอดน้ำ (มีซองหุ้ม)  (100อัน)', 'visible', 4, 23, '2024-11-05 13:37:52', '2024-11-05 13:37:52'),
(244, '6be96333-0205-430e-a43f-6e454743e721', 'A244', 'หลอดน้ำ (ไม่มีซองหุ้ม)  (250อัน)', 'visible', 4, 23, '2024-11-05 13:38:00', '2024-11-05 13:38:00'),
(245, '477a6723-87db-45c7-b152-25af6523761a', 'A245', 'หลอดไฟขั้วเกลียว LED 13W E27', 'visible', 12, 7, '2024-11-05 13:38:07', '2024-11-05 13:38:07'),
(246, '0a67d015-3f06-448b-9c88-77fb6e6195bd', 'A246', 'หัว Lan', 'visible', 5, 17, '2024-11-05 13:38:15', '2024-11-05 13:38:15'),
(247, 'acf761ea-5868-43bf-a528-b42762d7bf61', 'A247', 'ถ่าน AA (กล่อง 24 ก้อน)', 'visible', NULL, 9, '2024-11-05 13:38:27', '2024-11-05 13:38:27'),
(248, 'efc564fa-9add-4374-819f-ede52dee2d4d', 'A248', 'ถ่าน AAA (กล่อง 24 ก้อน)', 'visible', NULL, 9, '2024-11-05 13:38:34', '2024-11-05 13:38:34'),
(249, '74843aa7-f117-4e6f-9f86-3eb40817ae7f', 'A249', 'แท่นตัดเทปใส แกนใหญ่', 'visible', NULL, 2, '2024-11-05 13:38:42', '2024-11-05 13:38:42'),
(250, '6ce3496f-7c63-4f0a-b41a-a154bde83dfc', 'A250', 'อุปกรณ์ควบคุมการทำงานเครื่องปรับอากาศ', 'visible', NULL, 2, '2024-11-05 13:38:51', '2024-11-05 13:38:51'),
(251, 'd65bde36-7962-4d44-b155-e9955fb7753a', 'A251', 'ปากกาแดง', 'visible', NULL, 18, '2024-11-05 13:39:04', '2024-11-05 13:39:04'),
(252, '381d2d1b-db10-4b15-9179-8fad159d9d08', 'A252', 'ปากกาดำ', 'visible', NULL, 18, '2024-11-05 13:39:12', '2024-11-05 13:39:12'),
(253, 'd675d0ce-2fe3-48c6-bc6c-ccb7365ae06e', 'A253', 'ปากกาน้ำเงิน', 'visible', NULL, 18, '2024-11-05 13:39:19', '2024-11-05 13:39:19'),
(254, 'c483e8e3-ad54-4f75-8268-8c4b93107718', 'A254', 'ปากกาน้ำเงิน ด้ามกด 0.7', 'visible', NULL, 18, '2024-11-05 13:39:27', '2024-11-05 13:39:27'),
(255, 'f22f5e2f-53dc-49c9-bfb6-fd36ccbe247d', 'A255', 'ไม้บรรทัดเหล็ก', 'visible', NULL, 1, '2024-11-05 13:39:36', '2024-11-05 13:39:36'),
(256, 'c2cd90a1-21c8-400f-9cdf-547a45463869', 'A256', 'ดินสอ 2B', 'visible', NULL, 18, '2024-11-05 13:39:43', '2024-11-05 13:39:43'),
(257, '1523bcf3-0600-4c97-9173-d2353ad40570', 'A257', 'ไม้บรรทัดพลาสติก 12 นิ้ว', 'visible', NULL, 1, '2024-11-05 13:39:55', '2024-11-05 13:39:55'),
(258, 'e28935f7-b97b-48d3-9331-45acb47fe750', 'A258', 'ปากกาแดง 0.5 g soft', 'visible', NULL, 18, '2024-11-05 13:40:07', '2024-11-05 13:40:07'),
(259, '94a2469d-7384-42fa-95e9-ab0146eb301c', 'A259', 'แฟ้มแขวน แพ็ค 10 ชิ้น', 'visible', NULL, 5, '2024-11-05 13:40:14', '2024-11-05 13:40:14'),
(260, '1f8f1424-0b06-431a-ab8e-a9a3a61d068d', 'A260', 'SONAX', 'visible', NULL, 22, '2024-11-05 13:40:38', '2024-11-05 13:40:38'),
(261, 'c5483dca-cc47-4ac2-9811-6967c54501d8', 'A261', 'ไวท์บอร์ด สีดำ', 'visible', NULL, 18, '2024-11-05 13:40:52', '2024-11-05 13:40:52'),
(262, 'd81a1975-4d1e-4b2a-81c2-9faa7cec0d8a', 'A262', 'ไวท์บอร์ด สีแดง', 'visible', NULL, 18, '2024-11-05 13:41:00', '2024-11-05 13:41:00'),
(263, '31820056-afbb-43e4-a0de-39378f8148e8', 'A263', 'ไวท์บอร์ด สีเขียว', 'visible', NULL, 18, '2024-11-05 13:41:09', '2024-11-05 13:41:09'),
(264, '618c942c-0765-4c42-b0c9-1dfe046702d3', 'A264', 'ไวท์บอร์ด สีน้ำเงิน', 'visible', NULL, 18, '2024-11-05 13:41:16', '2024-11-05 13:41:16'),
(265, '740264fe-1574-44bc-ae78-db11374efa97', 'A265', 'หมึกเติมไวท์บอร์ด สีน้ำเงิน', 'visible', NULL, 8, '2024-11-05 13:41:24', '2024-11-05 13:41:24'),
(266, '413146ea-2dac-4b3c-bfbb-cf8acbacd6e9', 'A266', 'หมึกเติมไวท์บอร์ด สีแดง', 'visible', NULL, 8, '2024-11-05 13:41:34', '2024-11-05 13:41:34'),
(267, '16365966-8327-4c0d-93cc-8a7851743ca2', 'A267', 'หมึกเติมไวท์บอร์ด สีดำ', 'visible', NULL, 8, '2024-11-05 13:41:43', '2024-11-05 13:41:43'),
(268, 'e064db81-1d88-4d77-8fb2-da40605eb964', 'A268', 'ดินสอ 2B STAEDTLER (12แท่ง/กล่อง)', 'visible', NULL, 6, '2024-11-05 13:43:30', '2024-11-05 13:43:30'),
(269, '1332f1c4-57f2-4156-bbf0-8d5e0a89fd36', 'A269', 'ดินสอ HB (12แท่ง/กล่อง)', 'visible', NULL, 6, '2024-11-05 13:43:39', '2024-11-05 13:43:39'),
(270, 'd2ed22ec-d16c-4fc9-bb6f-7dccf54f9e13', 'A270', 'ดินสอ ตราม้า  (12แท่ง/กล่อง)', 'visible', NULL, 6, '2024-11-05 13:43:46', '2024-11-05 13:43:46'),
(271, '3e604526-362a-4434-97f5-8f94dc06116d', 'A271', 'เหล็กเสียบบัตรคิว', 'visible', NULL, 1, '2024-11-05 13:43:53', '2024-11-05 13:43:53'),
(272, '2d8f44fa-b061-48ef-8b8c-08c45186abe5', 'A272', 'กระดาษถ่ายเอกสาร 80 แกรม', 'visible', NULL, 3, '2024-11-05 13:44:01', '2024-11-05 13:44:01'),
(273, '7a2ff08f-1962-4922-a778-fcfa638aa066', 'A273', 'ก๊อกอ่างล้างหน้า', 'visible', NULL, 2, '2024-11-05 13:44:10', '2024-11-05 13:44:10'),
(274, 'a68b9a25-e29a-4113-9f99-7675df2851a3', 'A274', 'ปากกาเขียน CD สีน้ำเงิน', 'visible', NULL, 18, '2024-11-05 13:44:18', '2024-11-05 13:44:18'),
(275, 'f6853093-a32f-4508-ae81-3427083d5f31', 'A275', 'ไม้บรรทัด 12 นิ้ว (พลาสติก)', 'visible', 5, 1, '2024-11-05 13:44:26', '2024-11-05 13:44:26');

-- --------------------------------------------------------

--
-- Table structure for table `sessions`
--

CREATE TABLE `sessions` (
  `sid` varchar(36) NOT NULL,
  `expires` datetime DEFAULT NULL,
  `data` text DEFAULT NULL,
  `createdAt` datetime NOT NULL,
  `updatedAt` datetime NOT NULL
) ENGINE=InnoDB DEFAULT CHARSET=utf8mb4 COLLATE=utf8mb4_general_ci;

--
-- Dumping data for table `sessions`
--

INSERT INTO `sessions` (`sid`, `expires`, `data`, `createdAt`, `updatedAt`) VALUES
('-hsq-Aq9uePXb5u40Qn2S3BGPzuW81ri', '2024-11-05 14:55:23', '{\"cookie\":{\"originalMaxAge\":null,\"expires\":null,\"secure\":false,\"httpOnly\":true,\"path\":\"/\"}}', '2024-11-04 14:55:23', '2024-11-04 14:55:23'),
('0dHMI3VavpFwgWtZ3AZx3zOzlvtKkIdh', '2024-11-06 13:15:20', '{\"cookie\":{\"originalMaxAge\":null,\"expires\":null,\"secure\":false,\"httpOnly\":true,\"path\":\"/\"}}', '2024-11-05 13:15:20', '2024-11-05 13:15:20'),
('0jnqEFUAe9W7dbxpmmre6kySTN_y4q0V', '2024-11-05 15:33:11', '{\"cookie\":{\"originalMaxAge\":null,\"expires\":null,\"secure\":false,\"httpOnly\":true,\"path\":\"/\"}}', '2024-11-04 15:33:11', '2024-11-04 15:33:11'),
('0OnzWoihQ0g2flYgZJGo25YL4yoJ39eC', '2024-11-06 13:39:36', '{\"cookie\":{\"originalMaxAge\":null,\"expires\":null,\"secure\":false,\"httpOnly\":true,\"path\":\"/\"}}', '2024-11-05 13:39:36', '2024-11-05 13:39:36'),
('2fw4rRAMdXgtF3m-2IFqXNJWsh7Q-YJw', '2024-11-06 13:17:15', '{\"cookie\":{\"originalMaxAge\":null,\"expires\":null,\"secure\":false,\"httpOnly\":true,\"path\":\"/\"}}', '2024-11-05 13:17:15', '2024-11-05 13:17:15'),
('2oLEDQeal7xVYEV69GnozxxMGh8AH0us', '2024-11-05 16:24:02', '{\"cookie\":{\"originalMaxAge\":null,\"expires\":null,\"secure\":false,\"httpOnly\":true,\"path\":\"/\"}}', '2024-11-04 16:24:02', '2024-11-04 16:24:02'),
('2YM4B8BzBIMTiSluXAveeGSlv2cTS6xr', '2024-11-06 13:14:44', '{\"cookie\":{\"originalMaxAge\":null,\"expires\":null,\"secure\":false,\"httpOnly\":true,\"path\":\"/\"}}', '2024-11-05 13:14:44', '2024-11-05 13:14:44'),
('3vFBqzfHGHPm0sL1DZiiZ8Rm1Cm_Q7TV', '2024-11-06 13:44:01', '{\"cookie\":{\"originalMaxAge\":null,\"expires\":null,\"secure\":false,\"httpOnly\":true,\"path\":\"/\"}}', '2024-11-05 13:44:01', '2024-11-05 13:44:01'),
('3_5Vx6Vh4oEjNqJsYNPlxmrYTFxPXa5B', '2024-11-05 15:17:47', '{\"cookie\":{\"originalMaxAge\":null,\"expires\":null,\"secure\":false,\"httpOnly\":true,\"path\":\"/\"}}', '2024-11-04 15:17:47', '2024-11-04 15:17:47'),
('46gIDh_1uxRbdxgC35zdYKOoHKwVh9Fs', '2024-11-05 15:17:24', '{\"cookie\":{\"originalMaxAge\":null,\"expires\":null,\"secure\":false,\"httpOnly\":true,\"path\":\"/\"}}', '2024-11-04 15:17:24', '2024-11-04 15:17:24'),
('4ZZF-C74QNQW_8vVdFXvsuA5KN4CVz8E', '2024-11-05 14:55:51', '{\"cookie\":{\"originalMaxAge\":null,\"expires\":null,\"secure\":false,\"httpOnly\":true,\"path\":\"/\"}}', '2024-11-04 14:55:51', '2024-11-04 14:55:51'),
('569SUcyoc3EWPo7RSZYBGScfV6jzwqLU', '2024-11-06 13:14:02', '{\"cookie\":{\"originalMaxAge\":null,\"expires\":null,\"secure\":false,\"httpOnly\":true,\"path\":\"/\"}}', '2024-11-05 13:14:02', '2024-11-05 13:14:02'),
('5b_FWNKmD2NTERMIpwqsk6O_HxYdhJ0c', '2024-11-06 13:38:51', '{\"cookie\":{\"originalMaxAge\":null,\"expires\":null,\"secure\":false,\"httpOnly\":true,\"path\":\"/\"}}', '2024-11-05 13:38:51', '2024-11-05 13:38:51'),
('5HVT32U3dOtQcDVPJtfoekCGzd_HkBDh', '2024-11-05 15:28:13', '{\"cookie\":{\"originalMaxAge\":null,\"expires\":null,\"secure\":false,\"httpOnly\":true,\"path\":\"/\"}}', '2024-11-04 15:28:13', '2024-11-04 15:28:13'),
('5PDJGvZfRT70NNiTPSxB3yIY_onKTOvX', '2024-11-05 15:28:40', '{\"cookie\":{\"originalMaxAge\":null,\"expires\":null,\"secure\":false,\"httpOnly\":true,\"path\":\"/\"}}', '2024-11-04 15:28:40', '2024-11-04 15:28:40'),
('5xbhx6DY3KyA7Zife-yMBcFQEMmxbA92', '2024-11-06 13:08:38', '{\"cookie\":{\"originalMaxAge\":null,\"expires\":null,\"secure\":false,\"httpOnly\":true,\"path\":\"/\"}}', '2024-11-05 13:08:38', '2024-11-05 13:08:38'),
('5ZoPFgELHC7NXsMD0MV1M-LAj7KcgDIh', '2024-11-06 13:37:43', '{\"cookie\":{\"originalMaxAge\":null,\"expires\":null,\"secure\":false,\"httpOnly\":true,\"path\":\"/\"}}', '2024-11-05 13:37:43', '2024-11-05 13:37:43'),
('644bEnntopXguDpVWrMD_NAljdbvEWIF', '2024-11-05 14:49:36', '{\"cookie\":{\"originalMaxAge\":null,\"expires\":null,\"secure\":false,\"httpOnly\":true,\"path\":\"/\"}}', '2024-11-04 14:49:36', '2024-11-04 14:49:36'),
('6eayZp3T76A83_N--Xxk3npNLLYWU3Tq', '2024-11-05 14:51:53', '{\"cookie\":{\"originalMaxAge\":null,\"expires\":null,\"secure\":false,\"httpOnly\":true,\"path\":\"/\"}}', '2024-11-04 14:51:53', '2024-11-04 14:51:53'),
('6WTdilPlUFA0DYY91Wefn1P2qFHOkuf3', '2024-11-06 13:31:09', '{\"cookie\":{\"originalMaxAge\":null,\"expires\":null,\"secure\":false,\"httpOnly\":true,\"path\":\"/\"}}', '2024-11-05 13:31:09', '2024-11-05 13:31:09'),
('7ynEfZsJ9fY1brVWLfiUeNV16ANGo22k', '2024-11-05 16:26:00', '{\"cookie\":{\"originalMaxAge\":null,\"expires\":null,\"secure\":false,\"httpOnly\":true,\"path\":\"/\"}}', '2024-11-04 16:26:00', '2024-11-04 16:26:00'),
('89Sj4tKOI_cCLfcFYjJySdLN8tFMuD-w', '2024-11-05 14:56:00', '{\"cookie\":{\"originalMaxAge\":null,\"expires\":null,\"secure\":false,\"httpOnly\":true,\"path\":\"/\"}}', '2024-11-04 14:56:00', '2024-11-04 14:56:00'),
('8Atn0yAWFXKF0ycYHFWexWjId7wbQ_oQ', '2024-11-06 13:28:59', '{\"cookie\":{\"originalMaxAge\":null,\"expires\":null,\"secure\":false,\"httpOnly\":true,\"path\":\"/\"}}', '2024-11-05 13:28:59', '2024-11-05 13:28:59'),
('8mVRKb7eR3sZLhpJxT5FyIh1ME373zxF', '2024-11-05 16:27:31', '{\"cookie\":{\"originalMaxAge\":null,\"expires\":null,\"secure\":false,\"httpOnly\":true,\"path\":\"/\"}}', '2024-11-04 16:27:31', '2024-11-04 16:27:31'),
('8pdlYDcpVKJwwvOLnR7kWjWoed6MNMXF', '2024-11-06 13:34:35', '{\"cookie\":{\"originalMaxAge\":null,\"expires\":null,\"secure\":false,\"httpOnly\":true,\"path\":\"/\"}}', '2024-11-05 13:34:35', '2024-11-05 13:34:35'),
('97vNV8eSrH0M-gvFkTr-XK71QJELZJWN', '2024-11-06 13:37:34', '{\"cookie\":{\"originalMaxAge\":null,\"expires\":null,\"secure\":false,\"httpOnly\":true,\"path\":\"/\"}}', '2024-11-05 13:37:34', '2024-11-05 13:37:34'),
('9cNOa2-moz_3UtGPEUEEX1RVaw4lWDjI', '2024-11-06 13:21:24', '{\"cookie\":{\"originalMaxAge\":null,\"expires\":null,\"secure\":false,\"httpOnly\":true,\"path\":\"/\"}}', '2024-11-05 13:21:24', '2024-11-05 13:21:24'),
('9H-YURFaH6faBZiXg9NLEnueXEUueinw', '2024-11-06 13:42:47', '{\"cookie\":{\"originalMaxAge\":null,\"expires\":null,\"secure\":false,\"httpOnly\":true,\"path\":\"/\"}}', '2024-11-05 13:42:47', '2024-11-05 13:42:47'),
('9kCoDUiPG_QVIXF5mGmkloz-FbGpcmqB', '2024-11-05 16:27:50', '{\"cookie\":{\"originalMaxAge\":null,\"expires\":null,\"secure\":false,\"httpOnly\":true,\"path\":\"/\"}}', '2024-11-04 16:27:50', '2024-11-04 16:27:50'),
('9UREBk51B8vmn0KZxDujrA6fUozqZB1S', '2024-11-05 15:13:36', '{\"cookie\":{\"originalMaxAge\":null,\"expires\":null,\"secure\":false,\"httpOnly\":true,\"path\":\"/\"}}', '2024-11-04 15:13:36', '2024-11-04 15:13:36'),
('9wFfVLC2TF7iJn83aDWVgX77eqsWDuvD', '2024-11-06 13:12:51', '{\"cookie\":{\"originalMaxAge\":null,\"expires\":null,\"secure\":false,\"httpOnly\":true,\"path\":\"/\"}}', '2024-11-05 13:12:51', '2024-11-05 13:12:51'),
('9WIVsVsdVtvA3BNUu52WrIF6DwHfJPqs', '2024-11-06 13:38:00', '{\"cookie\":{\"originalMaxAge\":null,\"expires\":null,\"secure\":false,\"httpOnly\":true,\"path\":\"/\"}}', '2024-11-05 13:38:00', '2024-11-05 13:38:00'),
('9xN21ExTdbXteN_YrveaKm48g9WqF6IB', '2024-11-06 13:21:44', '{\"cookie\":{\"originalMaxAge\":null,\"expires\":null,\"secure\":false,\"httpOnly\":true,\"path\":\"/\"}}', '2024-11-05 13:21:44', '2024-11-05 13:21:44'),
('9YLlDklCxHyV0RJ518sYbmNcqZHpBhXJ', '2024-11-06 13:14:09', '{\"cookie\":{\"originalMaxAge\":null,\"expires\":null,\"secure\":false,\"httpOnly\":true,\"path\":\"/\"}}', '2024-11-05 13:14:09', '2024-11-05 13:14:09'),
('AbNFigSNvscMXHdD-Ugkor8OIKnBPZ2a', '2024-11-06 13:39:43', '{\"cookie\":{\"originalMaxAge\":null,\"expires\":null,\"secure\":false,\"httpOnly\":true,\"path\":\"/\"}}', '2024-11-05 13:39:43', '2024-11-05 13:39:43'),
('AEV03-JQQZgSmAKbr7x8tHcAJ9Gv1zuq', '2024-11-06 13:39:55', '{\"cookie\":{\"originalMaxAge\":null,\"expires\":null,\"secure\":false,\"httpOnly\":true,\"path\":\"/\"}}', '2024-11-05 13:39:55', '2024-11-05 13:39:55'),
('ag31joONDr8-1d_Y_977YgnUNVJh_5Fx', '2024-11-05 15:25:22', '{\"cookie\":{\"originalMaxAge\":null,\"expires\":null,\"secure\":false,\"httpOnly\":true,\"path\":\"/\"}}', '2024-11-04 15:25:22', '2024-11-04 15:25:22'),
('AhGRs0o_OlaBzQ4Tws3S-N3b4ziiA93j', '2024-11-05 16:26:18', '{\"cookie\":{\"originalMaxAge\":null,\"expires\":null,\"secure\":false,\"httpOnly\":true,\"path\":\"/\"}}', '2024-11-04 16:26:18', '2024-11-04 16:26:18'),
('aL25iUg3vm2kh3T4amLnUmra6mZA8WYE', '2024-11-05 16:25:51', '{\"cookie\":{\"originalMaxAge\":null,\"expires\":null,\"secure\":false,\"httpOnly\":true,\"path\":\"/\"}}', '2024-11-04 16:25:51', '2024-11-04 16:25:51'),
('AovQhMgZfiz98vVEEu4fdUZMNsjP6vDP', '2024-11-05 15:15:44', '{\"cookie\":{\"originalMaxAge\":null,\"expires\":null,\"secure\":false,\"httpOnly\":true,\"path\":\"/\"}}', '2024-11-04 15:15:44', '2024-11-04 15:15:44'),
('ArM7dvKOWt2cZNqMTSooqi1655ryEmzW', '2024-11-05 15:29:20', '{\"cookie\":{\"originalMaxAge\":null,\"expires\":null,\"secure\":false,\"httpOnly\":true,\"path\":\"/\"}}', '2024-11-04 15:29:20', '2024-11-04 15:29:20'),
('AS7ReQNDAUqmFTTvlsHp2bQFAVY3uhh9', '2024-11-06 13:35:06', '{\"cookie\":{\"originalMaxAge\":null,\"expires\":null,\"secure\":false,\"httpOnly\":true,\"path\":\"/\"}}', '2024-11-05 13:35:06', '2024-11-05 13:35:06'),
('atNfGryH0gWfbRXwxeHy4yrNnA0SSQan', '2024-11-06 13:15:32', '{\"cookie\":{\"originalMaxAge\":null,\"expires\":null,\"secure\":false,\"httpOnly\":true,\"path\":\"/\"}}', '2024-11-05 13:15:32', '2024-11-05 13:15:32'),
('AW8QciZmJEIaL3smsAUGqB-GFHlr7AyP', '2024-11-06 13:44:10', '{\"cookie\":{\"originalMaxAge\":null,\"expires\":null,\"secure\":false,\"httpOnly\":true,\"path\":\"/\"}}', '2024-11-05 13:44:10', '2024-11-05 13:44:10'),
('AYkp32X2W6KBVPJaAIr-SaehHK9D979w', '2024-11-06 13:24:32', '{\"cookie\":{\"originalMaxAge\":null,\"expires\":null,\"secure\":false,\"httpOnly\":true,\"path\":\"/\"}}', '2024-11-05 13:24:32', '2024-11-05 13:24:32'),
('AYyxzlIeODblslJe2AjhS7IdiUlaU9iK', '2024-11-05 15:05:05', '{\"cookie\":{\"originalMaxAge\":null,\"expires\":null,\"secure\":false,\"httpOnly\":true,\"path\":\"/\"}}', '2024-11-04 15:05:05', '2024-11-04 15:05:05'),
('b98364Ke9tq05LNl1WVzeLXhEhYuMRzx', '2024-11-05 15:38:59', '{\"cookie\":{\"originalMaxAge\":null,\"expires\":null,\"secure\":false,\"httpOnly\":true,\"path\":\"/\"}}', '2024-11-04 15:38:59', '2024-11-04 15:38:59'),
('BdQKq8US8nynOzvOlUQvPRnelncFafY3', '2024-11-06 13:39:12', '{\"cookie\":{\"originalMaxAge\":null,\"expires\":null,\"secure\":false,\"httpOnly\":true,\"path\":\"/\"}}', '2024-11-05 13:39:12', '2024-11-05 13:39:12'),
('bLmI9_tq2WJqFIXmc9xJvyFdsgJRWYim', '2024-11-06 13:22:54', '{\"cookie\":{\"originalMaxAge\":null,\"expires\":null,\"secure\":false,\"httpOnly\":true,\"path\":\"/\"}}', '2024-11-05 13:22:54', '2024-11-05 13:22:54'),
('BQspzpllQ3g9RotC2snx7F4qv42orn5D', '2024-11-06 13:24:25', '{\"cookie\":{\"originalMaxAge\":null,\"expires\":null,\"secure\":false,\"httpOnly\":true,\"path\":\"/\"}}', '2024-11-05 13:24:25', '2024-11-05 13:24:25'),
('BrVkfXyhX7EGEid-P4xmCWU6I2uHOPIf', '2024-11-05 15:08:13', '{\"cookie\":{\"originalMaxAge\":null,\"expires\":null,\"secure\":false,\"httpOnly\":true,\"path\":\"/\"},\"userId\":\"cfe30e17-b724-4e13-bc5b-ee8d7dfb2d52\"}', '2024-11-04 15:08:07', '2024-11-04 15:08:13'),
('BTIpcZl_Qi4xxtFk2i7cWvPWK_-97q2o', '2024-11-06 13:32:11', '{\"cookie\":{\"originalMaxAge\":null,\"expires\":null,\"secure\":false,\"httpOnly\":true,\"path\":\"/\"}}', '2024-11-05 13:32:11', '2024-11-05 13:32:11'),
('C4RHXizwlb0GeARjoR0jzyghS5aKLMKS', '2024-11-06 13:13:10', '{\"cookie\":{\"originalMaxAge\":null,\"expires\":null,\"secure\":false,\"httpOnly\":true,\"path\":\"/\"}}', '2024-11-05 13:13:10', '2024-11-05 13:13:10'),
('CC065Ix9BpHyQBa_qSS5W9jczU-3TfGD', '2024-11-05 16:02:17', '{\"cookie\":{\"originalMaxAge\":null,\"expires\":null,\"secure\":false,\"httpOnly\":true,\"path\":\"/\"}}', '2024-11-04 16:02:17', '2024-11-04 16:02:17'),
('CeuF-Em9cj4x8iI3K1H9k9VnH2We8PoM', '2024-11-05 15:03:37', '{\"cookie\":{\"originalMaxAge\":null,\"expires\":null,\"secure\":false,\"httpOnly\":true,\"path\":\"/\"}}', '2024-11-04 15:03:37', '2024-11-04 15:03:37'),
('ck8nnsJsk67jgkuV0BBd0fUCRb7ZNa8C', '2024-11-06 13:20:02', '{\"cookie\":{\"originalMaxAge\":null,\"expires\":null,\"secure\":false,\"httpOnly\":true,\"path\":\"/\"}}', '2024-11-05 13:20:02', '2024-11-05 13:20:02'),
('cpDvCksLw-AhERg-RJLtTPROPn_9hE0P', '2024-11-05 14:54:53', '{\"cookie\":{\"originalMaxAge\":null,\"expires\":null,\"secure\":false,\"httpOnly\":true,\"path\":\"/\"}}', '2024-11-04 14:54:53', '2024-11-04 14:54:53'),
('CPgCu6KjbclSgQ-VudaKhprvO1o2vbYv', '2024-11-05 15:35:27', '{\"cookie\":{\"originalMaxAge\":null,\"expires\":null,\"secure\":false,\"httpOnly\":true,\"path\":\"/\"}}', '2024-11-04 15:35:27', '2024-11-04 15:35:27'),
('cQJvAWB2Uik3SXxVAYbUA_iVaKV5WIhh', '2024-11-06 13:43:53', '{\"cookie\":{\"originalMaxAge\":null,\"expires\":null,\"secure\":false,\"httpOnly\":true,\"path\":\"/\"}}', '2024-11-05 13:43:53', '2024-11-05 13:43:53'),
('cxR-_qbUcbDdBvTutVSeOg1EWyVHBwZu', '2024-11-06 13:47:21', '{\"cookie\":{\"originalMaxAge\":null,\"expires\":null,\"secure\":false,\"httpOnly\":true,\"path\":\"/\"},\"userId\":\"c2fe0f12-7ac5-485b-9081-cd889831b7fb\"}', '2024-11-04 14:49:44', '2024-11-05 13:47:21'),
('d9q4zkPcMX4ZxrHtEmETXOcUuReyOmM7', '2024-11-06 13:35:29', '{\"cookie\":{\"originalMaxAge\":null,\"expires\":null,\"secure\":false,\"httpOnly\":true,\"path\":\"/\"}}', '2024-11-05 13:35:29', '2024-11-05 13:35:29'),
('Daf6jNi2WE8dLun5_WZx8taGh4WohiA3', '2024-11-05 15:07:31', '{\"cookie\":{\"originalMaxAge\":null,\"expires\":null,\"secure\":false,\"httpOnly\":true,\"path\":\"/\"}}', '2024-11-04 15:07:31', '2024-11-04 15:07:31'),
('ddByJ572s6fcbSGwsI3oQKp6wi7eTpSQ', '2024-11-05 15:30:01', '{\"cookie\":{\"originalMaxAge\":null,\"expires\":null,\"secure\":false,\"httpOnly\":true,\"path\":\"/\"}}', '2024-11-04 15:30:01', '2024-11-04 15:30:01'),
('Dg9Dmc6_tHbRyylDbjMq8UnoNOBw4wDr', '2024-11-06 13:41:16', '{\"cookie\":{\"originalMaxAge\":null,\"expires\":null,\"secure\":false,\"httpOnly\":true,\"path\":\"/\"}}', '2024-11-05 13:41:16', '2024-11-05 13:41:16'),
('Dh3VjFMKM9nj0qj0lH50e6MJY3M2RD0C', '2024-11-06 13:40:38', '{\"cookie\":{\"originalMaxAge\":null,\"expires\":null,\"secure\":false,\"httpOnly\":true,\"path\":\"/\"}}', '2024-11-05 13:40:38', '2024-11-05 13:40:38'),
('DnUHunW2bTwnn06ED4wZNpS0O1MSemEE', '2024-11-06 13:08:45', '{\"cookie\":{\"originalMaxAge\":null,\"expires\":null,\"secure\":false,\"httpOnly\":true,\"path\":\"/\"}}', '2024-11-05 13:08:45', '2024-11-05 13:08:45'),
('dY0WBJla15pQmcVhd_qoR3tE7ljUDTNG', '2024-11-06 13:37:17', '{\"cookie\":{\"originalMaxAge\":null,\"expires\":null,\"secure\":false,\"httpOnly\":true,\"path\":\"/\"}}', '2024-11-05 13:37:17', '2024-11-05 13:37:17'),
('E1KohSjOIYp5qFuPnH91q9yxty00vxkC', '2024-11-05 15:35:19', '{\"cookie\":{\"originalMaxAge\":null,\"expires\":null,\"secure\":false,\"httpOnly\":true,\"path\":\"/\"}}', '2024-11-04 15:35:19', '2024-11-04 15:35:19'),
('E1mlvrGCm9o5RGxNcz07fGFkF_eqfFpZ', '2024-11-06 13:37:52', '{\"cookie\":{\"originalMaxAge\":null,\"expires\":null,\"secure\":false,\"httpOnly\":true,\"path\":\"/\"}}', '2024-11-05 13:37:52', '2024-11-05 13:37:52'),
('e376K90ot7N7FWI4jX5va222V2chW_yz', '2024-11-06 13:09:03', '{\"cookie\":{\"originalMaxAge\":null,\"expires\":null,\"secure\":false,\"httpOnly\":true,\"path\":\"/\"}}', '2024-11-05 13:09:03', '2024-11-05 13:09:03'),
('eDxtIAyGEdUFcXNXJlE2UOd65Q41tJNv', '2024-11-06 13:25:38', '{\"cookie\":{\"originalMaxAge\":null,\"expires\":null,\"secure\":false,\"httpOnly\":true,\"path\":\"/\"}}', '2024-11-05 13:25:38', '2024-11-05 13:25:38'),
('eGL8qVpMYf-HMfsctK0TONwtyTr-BtsX', '2024-11-05 15:34:00', '{\"cookie\":{\"originalMaxAge\":null,\"expires\":null,\"secure\":false,\"httpOnly\":true,\"path\":\"/\"}}', '2024-11-04 15:34:00', '2024-11-04 15:34:00'),
('EN-fVSPb58QRlJYHGrKc15ySP0po9Ehu', '2024-11-05 15:16:11', '{\"cookie\":{\"originalMaxAge\":null,\"expires\":null,\"secure\":false,\"httpOnly\":true,\"path\":\"/\"}}', '2024-11-04 15:16:11', '2024-11-04 15:16:11'),
('ePkNW9UhFEjwRhVkxnrf8IifBqI1i31e', '2024-11-06 13:18:33', '{\"cookie\":{\"originalMaxAge\":null,\"expires\":null,\"secure\":false,\"httpOnly\":true,\"path\":\"/\"}}', '2024-11-05 13:18:33', '2024-11-05 13:18:33'),
('F2CF7pyeJJ2NLNhkO7wK66FNxUH3IOXq', '2024-11-06 13:07:11', '{\"cookie\":{\"originalMaxAge\":null,\"expires\":null,\"secure\":false,\"httpOnly\":true,\"path\":\"/\"}}', '2024-11-05 13:07:11', '2024-11-05 13:07:11'),
('f8MaC6BZyrtAFXvSb_KGeWwIrks9vSmL', '2024-11-06 13:07:02', '{\"cookie\":{\"originalMaxAge\":null,\"expires\":null,\"secure\":false,\"httpOnly\":true,\"path\":\"/\"}}', '2024-11-05 13:07:02', '2024-11-05 13:07:02'),
('feTLP6MkCHqKfjdHuz3iABcybNoAS2d6', '2024-11-05 15:30:56', '{\"cookie\":{\"originalMaxAge\":null,\"expires\":null,\"secure\":false,\"httpOnly\":true,\"path\":\"/\"}}', '2024-11-04 15:30:56', '2024-11-04 15:30:56'),
('FLYiENHkocuVRDRRJ5HQLzdECXT4JiPb', '2024-11-06 13:33:41', '{\"cookie\":{\"originalMaxAge\":null,\"expires\":null,\"secure\":false,\"httpOnly\":true,\"path\":\"/\"}}', '2024-11-05 13:33:41', '2024-11-05 13:33:41'),
('FM-tWwOY0TEROhBoQdMAGmygQaYjwFmz', '2024-11-06 13:14:17', '{\"cookie\":{\"originalMaxAge\":null,\"expires\":null,\"secure\":false,\"httpOnly\":true,\"path\":\"/\"}}', '2024-11-05 13:14:17', '2024-11-05 13:14:17'),
('FqxcYRvfu8PAMv3Q9ligm_kDuzzZbg7Y', '2024-11-06 13:26:06', '{\"cookie\":{\"originalMaxAge\":null,\"expires\":null,\"secure\":false,\"httpOnly\":true,\"path\":\"/\"}}', '2024-11-05 13:26:06', '2024-11-05 13:26:06'),
('FtSyIGxb0pfmpzo10nFiGSMw_htI4pG_', '2024-11-06 13:25:45', '{\"cookie\":{\"originalMaxAge\":null,\"expires\":null,\"secure\":false,\"httpOnly\":true,\"path\":\"/\"}}', '2024-11-05 13:25:45', '2024-11-05 13:25:45'),
('FV-GaAKdEWqIIMbKG8vkX_hYINxlD45_', '2024-11-06 13:17:27', '{\"cookie\":{\"originalMaxAge\":null,\"expires\":null,\"secure\":false,\"httpOnly\":true,\"path\":\"/\"}}', '2024-11-05 13:17:27', '2024-11-05 13:17:27'),
('fV9amPn-wFq0JK-dzUSyimW9HGp4zNGv', '2024-11-06 13:29:12', '{\"cookie\":{\"originalMaxAge\":null,\"expires\":null,\"secure\":false,\"httpOnly\":true,\"path\":\"/\"}}', '2024-11-05 13:29:12', '2024-11-05 13:29:12'),
('FXwI6MR6tMqIqWcwT2ShTj59URPfq-Ys', '2024-11-05 16:27:13', '{\"cookie\":{\"originalMaxAge\":null,\"expires\":null,\"secure\":false,\"httpOnly\":true,\"path\":\"/\"}}', '2024-11-04 16:27:13', '2024-11-04 16:27:13'),
('FXzENiYq50IEPrJ6Ouavu2kiUbhVbNqB', '2024-11-06 13:20:53', '{\"cookie\":{\"originalMaxAge\":null,\"expires\":null,\"secure\":false,\"httpOnly\":true,\"path\":\"/\"}}', '2024-11-05 13:20:53', '2024-11-05 13:20:53'),
('fYlt0LcGTGi5pCtJ1CSoTyh25AH7c3yD', '2024-11-05 15:32:28', '{\"cookie\":{\"originalMaxAge\":null,\"expires\":null,\"secure\":false,\"httpOnly\":true,\"path\":\"/\"}}', '2024-11-04 15:32:28', '2024-11-04 15:32:28'),
('fyrWRtpY9FAU0JzSveKSc4PwG8Nca71n', '2024-11-06 13:41:24', '{\"cookie\":{\"originalMaxAge\":null,\"expires\":null,\"secure\":false,\"httpOnly\":true,\"path\":\"/\"}}', '2024-11-05 13:41:24', '2024-11-05 13:41:24'),
('F_X8vTvDZbfhQLBU4QgPNbLE0E2fs4vo', '2024-11-05 15:03:25', '{\"cookie\":{\"originalMaxAge\":null,\"expires\":null,\"secure\":false,\"httpOnly\":true,\"path\":\"/\"}}', '2024-11-04 15:03:25', '2024-11-04 15:03:25'),
('G4C-eBWsDPPulLAI3f51y_O6zEFWTUkL', '2024-11-05 14:56:33', '{\"cookie\":{\"originalMaxAge\":null,\"expires\":null,\"secure\":false,\"httpOnly\":true,\"path\":\"/\"}}', '2024-11-04 14:56:33', '2024-11-04 14:56:33'),
('g8QMCTlditt1dzjvO0xNAprHJ6IW4vsw', '2024-11-06 13:15:56', '{\"cookie\":{\"originalMaxAge\":null,\"expires\":null,\"secure\":false,\"httpOnly\":true,\"path\":\"/\"}}', '2024-11-05 13:15:56', '2024-11-05 13:15:56'),
('G9iECD0u5vI_xQaVuod90OpNUpDRnIaG', '2024-11-06 13:36:25', '{\"cookie\":{\"originalMaxAge\":null,\"expires\":null,\"secure\":false,\"httpOnly\":true,\"path\":\"/\"}}', '2024-11-05 13:36:25', '2024-11-05 13:36:25'),
('gBdP5h3A9cZ8v4R7YEJfKLvGe9mV0i9U', '2024-11-06 13:29:59', '{\"cookie\":{\"originalMaxAge\":null,\"expires\":null,\"secure\":false,\"httpOnly\":true,\"path\":\"/\"}}', '2024-11-05 13:29:59', '2024-11-05 13:29:59'),
('GbEl65TvF0Eewgi8Q97y6iXgj-aikEXO', '2024-11-05 16:24:28', '{\"cookie\":{\"originalMaxAge\":null,\"expires\":null,\"secure\":false,\"httpOnly\":true,\"path\":\"/\"}}', '2024-11-04 16:24:28', '2024-11-04 16:24:28'),
('gbz2OKNzH8P2AwwtJdiyww1-Wi1b2QPi', '2024-11-05 15:07:13', '{\"cookie\":{\"originalMaxAge\":null,\"expires\":null,\"secure\":false,\"httpOnly\":true,\"path\":\"/\"}}', '2024-11-04 15:07:13', '2024-11-04 15:07:13'),
('Gc4f1VUedncQQU7oTvCF3JzTZtmwk896', '2024-11-05 14:56:11', '{\"cookie\":{\"originalMaxAge\":null,\"expires\":null,\"secure\":false,\"httpOnly\":true,\"path\":\"/\"}}', '2024-11-04 14:56:11', '2024-11-04 14:56:11'),
('Gdrq6YwMDTOaVI3L7VN69iKePRKzw3HM', '2024-11-06 13:07:48', '{\"cookie\":{\"originalMaxAge\":null,\"expires\":null,\"secure\":false,\"httpOnly\":true,\"path\":\"/\"}}', '2024-11-05 13:07:48', '2024-11-05 13:07:48'),
('GjX4IjA-wzkwT1iHPnK08mrFhNaL2VM7', '2024-11-06 13:43:30', '{\"cookie\":{\"originalMaxAge\":null,\"expires\":null,\"secure\":false,\"httpOnly\":true,\"path\":\"/\"}}', '2024-11-05 13:43:30', '2024-11-05 13:43:30'),
('gm1o-AjTMgKNGLbijKo1hy06qqGw0AU6', '2024-11-06 13:23:01', '{\"cookie\":{\"originalMaxAge\":null,\"expires\":null,\"secure\":false,\"httpOnly\":true,\"path\":\"/\"}}', '2024-11-05 13:23:01', '2024-11-05 13:23:01'),
('gq6jyUVxBRT_UR5fsYOCgKIm7oL-QF0i', '2024-11-06 13:21:59', '{\"cookie\":{\"originalMaxAge\":null,\"expires\":null,\"secure\":false,\"httpOnly\":true,\"path\":\"/\"}}', '2024-11-05 13:21:59', '2024-11-05 13:21:59'),
('GxLeuwuEhZTgS7Cqi5JT_byiBlzHjpKl', '2024-11-06 13:36:05', '{\"cookie\":{\"originalMaxAge\":null,\"expires\":null,\"secure\":false,\"httpOnly\":true,\"path\":\"/\"}}', '2024-11-05 13:36:05', '2024-11-05 13:36:05'),
('H33B4WKMooKv9R059pvmsbil1r7DU50t', '2024-11-05 15:16:18', '{\"cookie\":{\"originalMaxAge\":null,\"expires\":null,\"secure\":false,\"httpOnly\":true,\"path\":\"/\"}}', '2024-11-04 15:16:18', '2024-11-04 15:16:18'),
('hF9CHLo0LFLuR8H_-pZc3JumZ4nZNPle', '2024-11-05 16:02:32', '{\"cookie\":{\"originalMaxAge\":null,\"expires\":null,\"secure\":false,\"httpOnly\":true,\"path\":\"/\"}}', '2024-11-04 16:02:32', '2024-11-04 16:02:32'),
('HLQlBnQBVod7xqP6JR2TRmQYR0dfg2Ze', '2024-11-05 15:33:22', '{\"cookie\":{\"originalMaxAge\":null,\"expires\":null,\"secure\":false,\"httpOnly\":true,\"path\":\"/\"}}', '2024-11-04 15:33:22', '2024-11-04 15:33:22'),
('HmfAXigMeP8YswdrYIZQLbKPnfxx8ewY', '2024-11-05 16:01:49', '{\"cookie\":{\"originalMaxAge\":null,\"expires\":null,\"secure\":false,\"httpOnly\":true,\"path\":\"/\"}}', '2024-11-04 16:01:49', '2024-11-04 16:01:49'),
('hru3_tJBlPiIsOKqXK9oNWEICLepeO3l', '2024-11-05 16:25:44', '{\"cookie\":{\"originalMaxAge\":null,\"expires\":null,\"secure\":false,\"httpOnly\":true,\"path\":\"/\"}}', '2024-11-04 16:25:44', '2024-11-04 16:25:44'),
('HVLIj-hA7ZKnijq3CAG3sjagrIPsHMnL', '2024-11-05 15:04:00', '{\"cookie\":{\"originalMaxAge\":null,\"expires\":null,\"secure\":false,\"httpOnly\":true,\"path\":\"/\"}}', '2024-11-04 15:04:00', '2024-11-04 15:04:00'),
('h_vCxrxU3XyMyWhPfAzyXon_93MEAJWv', '2024-11-06 13:30:48', '{\"cookie\":{\"originalMaxAge\":null,\"expires\":null,\"secure\":false,\"httpOnly\":true,\"path\":\"/\"}}', '2024-11-05 13:30:48', '2024-11-05 13:30:48'),
('i5beOygvGN5lIovv7170njOML1O5jt9L', '2024-11-06 13:36:56', '{\"cookie\":{\"originalMaxAge\":null,\"expires\":null,\"secure\":false,\"httpOnly\":true,\"path\":\"/\"}}', '2024-11-05 13:36:56', '2024-11-05 13:36:56'),
('I97w6y5aY3kmLMHL5jOfbf5QE4q4FUHE', '2024-11-05 15:35:44', '{\"cookie\":{\"originalMaxAge\":null,\"expires\":null,\"secure\":false,\"httpOnly\":true,\"path\":\"/\"}}', '2024-11-04 15:35:44', '2024-11-04 15:35:44'),
('IE0xV_QO6hZffznEQzg8n9VKgol3m3Sc', '2024-11-06 13:25:10', '{\"cookie\":{\"originalMaxAge\":null,\"expires\":null,\"secure\":false,\"httpOnly\":true,\"path\":\"/\"}}', '2024-11-05 13:25:10', '2024-11-05 13:25:10'),
('IKrGbFN1HWqFk90tyom2nz96YR-_mOgB', '2024-11-06 13:22:47', '{\"cookie\":{\"originalMaxAge\":null,\"expires\":null,\"secure\":false,\"httpOnly\":true,\"path\":\"/\"}}', '2024-11-05 13:22:47', '2024-11-05 13:22:47'),
('Ilt-A1yCw--QX88B8vPrcFA2XX8-BRcC', '2024-11-06 13:25:55', '{\"cookie\":{\"originalMaxAge\":null,\"expires\":null,\"secure\":false,\"httpOnly\":true,\"path\":\"/\"}}', '2024-11-05 13:25:55', '2024-11-05 13:25:55'),
('iNH2UQGKl8C_AGfi9zLE5_tfMd935PkN', '2024-11-05 16:26:40', '{\"cookie\":{\"originalMaxAge\":null,\"expires\":null,\"secure\":false,\"httpOnly\":true,\"path\":\"/\"}}', '2024-11-04 16:26:40', '2024-11-04 16:26:40'),
('irdfWmYZi1w1OugbvMPyFyDP6LpX-fg0', '2024-11-05 15:27:57', '{\"cookie\":{\"originalMaxAge\":null,\"expires\":null,\"secure\":false,\"httpOnly\":true,\"path\":\"/\"}}', '2024-11-04 15:27:57', '2024-11-04 15:27:57'),
('itKLZlTfKVezV70vPKdAYWN8HLusSM-C', '2024-11-05 15:34:07', '{\"cookie\":{\"originalMaxAge\":null,\"expires\":null,\"secure\":false,\"httpOnly\":true,\"path\":\"/\"}}', '2024-11-04 15:34:07', '2024-11-04 15:34:07'),
('iuWmpIXIKBxLq97mO0NdvJ3rS03V8usu', '2024-11-05 15:11:36', '{\"cookie\":{\"originalMaxAge\":null,\"expires\":null,\"secure\":false,\"httpOnly\":true,\"path\":\"/\"}}', '2024-11-04 15:11:36', '2024-11-04 15:11:36'),
('IVv-oAQ8tly0v-YcCvHQ5sMHF11sFzxn', '2024-11-06 13:19:01', '{\"cookie\":{\"originalMaxAge\":null,\"expires\":null,\"secure\":false,\"httpOnly\":true,\"path\":\"/\"}}', '2024-11-05 13:19:01', '2024-11-05 13:19:01'),
('IXzDmoTaiDKvHgzYRDciiVauGjbXuhyV', '2024-11-05 15:04:14', '{\"cookie\":{\"originalMaxAge\":null,\"expires\":null,\"secure\":false,\"httpOnly\":true,\"path\":\"/\"}}', '2024-11-04 15:04:14', '2024-11-04 15:04:14'),
('jAXIW3hHnYZsXW0_lrpAHGqzl3omb-N2', '2024-11-06 13:23:46', '{\"cookie\":{\"originalMaxAge\":null,\"expires\":null,\"secure\":false,\"httpOnly\":true,\"path\":\"/\"}}', '2024-11-05 13:23:46', '2024-11-05 13:23:46'),
('JBTg6jgDdbed3ShjQk3eziPX6Irh3uF8', '2024-11-06 13:18:17', '{\"cookie\":{\"originalMaxAge\":null,\"expires\":null,\"secure\":false,\"httpOnly\":true,\"path\":\"/\"}}', '2024-11-05 13:18:17', '2024-11-05 13:18:17'),
('jCHWtxINRc5F3hJyjsxYRP9s7tp-fqEQ', '2024-11-05 15:23:55', '{\"cookie\":{\"originalMaxAge\":null,\"expires\":null,\"secure\":false,\"httpOnly\":true,\"path\":\"/\"}}', '2024-11-04 15:23:55', '2024-11-04 15:23:55'),
('JdI8rBKs0C1gQmDRHKL5-cipw6wDoDiG', '2024-11-06 13:06:39', '{\"cookie\":{\"originalMaxAge\":null,\"expires\":null,\"secure\":false,\"httpOnly\":true,\"path\":\"/\"}}', '2024-11-05 13:06:39', '2024-11-05 13:06:39'),
('jFFPl-_4CMQEZjy0xvu0bNJI3oa3pCy9', '2024-11-06 13:31:00', '{\"cookie\":{\"originalMaxAge\":null,\"expires\":null,\"secure\":false,\"httpOnly\":true,\"path\":\"/\"}}', '2024-11-05 13:31:00', '2024-11-05 13:31:00'),
('jHoSjGFM6Si8Rq5JqKKGBpwiKoxusrTN', '2024-11-05 15:25:32', '{\"cookie\":{\"originalMaxAge\":null,\"expires\":null,\"secure\":false,\"httpOnly\":true,\"path\":\"/\"}}', '2024-11-04 15:25:32', '2024-11-04 15:25:32'),
('jk0bZkNYPqsaKvt2gOLqGQfjczZZWvr2', '2024-11-06 13:08:09', '{\"cookie\":{\"originalMaxAge\":null,\"expires\":null,\"secure\":false,\"httpOnly\":true,\"path\":\"/\"}}', '2024-11-05 13:08:09', '2024-11-05 13:08:09'),
('JrpI5Meq8si-Z6AKEamScB0kfe7Rll4d', '2024-11-05 14:56:45', '{\"cookie\":{\"originalMaxAge\":null,\"expires\":null,\"secure\":false,\"httpOnly\":true,\"path\":\"/\"}}', '2024-11-04 14:56:45', '2024-11-04 14:56:45'),
('JUiQ5cuDXw_wzt24mML18oGeHVudKjez', '2024-11-05 15:33:33', '{\"cookie\":{\"originalMaxAge\":null,\"expires\":null,\"secure\":false,\"httpOnly\":true,\"path\":\"/\"}}', '2024-11-04 15:33:33', '2024-11-04 15:33:33'),
('jz8-rxZWwp1zwgqhtCXMnP3BVHGNW5NR', '2024-11-06 13:23:27', '{\"cookie\":{\"originalMaxAge\":null,\"expires\":null,\"secure\":false,\"httpOnly\":true,\"path\":\"/\"}}', '2024-11-05 13:23:27', '2024-11-05 13:23:27'),
('k4O-_LD1-CscbtLFDb2arBAr_0GpVCvJ', '2024-11-05 15:11:13', '{\"cookie\":{\"originalMaxAge\":null,\"expires\":null,\"secure\":false,\"httpOnly\":true,\"path\":\"/\"}}', '2024-11-04 15:11:13', '2024-11-04 15:11:13'),
('kAQn_HavjRFedmOhkZgGoTwDYhdDQUod', '2024-11-05 15:30:27', '{\"cookie\":{\"originalMaxAge\":null,\"expires\":null,\"secure\":false,\"httpOnly\":true,\"path\":\"/\"}}', '2024-11-04 15:30:27', '2024-11-04 15:30:27'),
('kb2KycjgPIIDWHeOlL-3daQOw14pQytj', '2024-11-05 15:10:37', '{\"cookie\":{\"originalMaxAge\":null,\"expires\":null,\"secure\":false,\"httpOnly\":true,\"path\":\"/\"}}', '2024-11-04 15:10:37', '2024-11-04 15:10:37'),
('kcevOEgwV6C8Fg4DXWcXH7WRUvhGmC-5', '2024-11-06 13:11:22', '{\"cookie\":{\"originalMaxAge\":null,\"expires\":null,\"secure\":false,\"httpOnly\":true,\"path\":\"/\"}}', '2024-11-05 13:11:22', '2024-11-05 13:11:22'),
('Kf8uKbdT21JOFhdAzWmPHpPVuxoUQDp2', '2024-11-05 15:06:50', '{\"cookie\":{\"originalMaxAge\":null,\"expires\":null,\"secure\":false,\"httpOnly\":true,\"path\":\"/\"}}', '2024-11-04 15:06:50', '2024-11-04 15:06:50'),
('kh1xEuXC3caioRuIHUmlWxDkZK0OpB7E', '2024-11-05 16:01:27', '{\"cookie\":{\"originalMaxAge\":null,\"expires\":null,\"secure\":false,\"httpOnly\":true,\"path\":\"/\"}}', '2024-11-04 16:01:27', '2024-11-04 16:01:27'),
('kkJz8IArUpe3Q2tUqpsB06CdNDRyFYhp', '2024-11-05 15:11:20', '{\"cookie\":{\"originalMaxAge\":null,\"expires\":null,\"secure\":false,\"httpOnly\":true,\"path\":\"/\"}}', '2024-11-04 15:11:20', '2024-11-04 15:11:20'),
('kL-DazZO7KPsmUMrrxZyBfh0K1uXLP2M', '2024-11-06 13:36:11', '{\"cookie\":{\"originalMaxAge\":null,\"expires\":null,\"secure\":false,\"httpOnly\":true,\"path\":\"/\"}}', '2024-11-05 13:36:11', '2024-11-05 13:36:11'),
('KlQSMFn5F0gDR-_AzgUafDM-QrLChodb', '2024-11-06 13:41:34', '{\"cookie\":{\"originalMaxAge\":null,\"expires\":null,\"secure\":false,\"httpOnly\":true,\"path\":\"/\"}}', '2024-11-05 13:41:34', '2024-11-05 13:41:34'),
('kN4yYt9Cay8VDGItpZAhK7n656_vXrcc', '2024-11-05 14:56:20', '{\"cookie\":{\"originalMaxAge\":null,\"expires\":null,\"secure\":false,\"httpOnly\":true,\"path\":\"/\"}}', '2024-11-04 14:56:20', '2024-11-04 14:56:20'),
('ksLxusl7AaWGJJ9bkEofujayHfIPeUdB', '2024-11-06 13:22:13', '{\"cookie\":{\"originalMaxAge\":null,\"expires\":null,\"secure\":false,\"httpOnly\":true,\"path\":\"/\"}}', '2024-11-05 13:22:13', '2024-11-05 13:22:13'),
('KSWdr4hezsJ98oM0dQryplK6tCEFoUi1', '2024-11-06 13:44:26', '{\"cookie\":{\"originalMaxAge\":null,\"expires\":null,\"secure\":false,\"httpOnly\":true,\"path\":\"/\"}}', '2024-11-05 13:44:26', '2024-11-05 13:44:26'),
('kV-E3j0iacA7MOZFe1JsNFvB4Mbu7lJN', '2024-11-06 13:41:09', '{\"cookie\":{\"originalMaxAge\":null,\"expires\":null,\"secure\":false,\"httpOnly\":true,\"path\":\"/\"}}', '2024-11-05 13:41:09', '2024-11-05 13:41:09'),
('kvdYenTgycm2hwguFS9LfVr0Ww8f8bbx', '2024-11-06 13:08:53', '{\"cookie\":{\"originalMaxAge\":null,\"expires\":null,\"secure\":false,\"httpOnly\":true,\"path\":\"/\"}}', '2024-11-05 13:08:53', '2024-11-05 13:08:53'),
('Ky0WJeY-ImArhEkbRCpRTA-XFHBQwIip', '2024-11-06 13:32:37', '{\"cookie\":{\"originalMaxAge\":null,\"expires\":null,\"secure\":false,\"httpOnly\":true,\"path\":\"/\"}}', '2024-11-05 13:32:37', '2024-11-05 13:32:37'),
('laDDMFbJTx3h30WC66ePBdiFtir2ktqy', '2024-11-06 13:24:15', '{\"cookie\":{\"originalMaxAge\":null,\"expires\":null,\"secure\":false,\"httpOnly\":true,\"path\":\"/\"}}', '2024-11-05 13:24:15', '2024-11-05 13:24:15'),
('Lbou6dqr3GnFr5FvqncriIWEcLUoFgrS', '2024-11-05 15:04:27', '{\"cookie\":{\"originalMaxAge\":null,\"expires\":null,\"secure\":false,\"httpOnly\":true,\"path\":\"/\"}}', '2024-11-04 15:04:27', '2024-11-04 15:04:27'),
('LjFT0t7XWsiZs2djH6mznp5JbVIugMdL', '2024-11-06 13:39:04', '{\"cookie\":{\"originalMaxAge\":null,\"expires\":null,\"secure\":false,\"httpOnly\":true,\"path\":\"/\"}}', '2024-11-05 13:39:04', '2024-11-05 13:39:04'),
('LsHiEBwg0VVU7aR8y8pawaPq4DjVQN1N', '2024-11-05 15:10:49', '{\"cookie\":{\"originalMaxAge\":null,\"expires\":null,\"secure\":false,\"httpOnly\":true,\"path\":\"/\"}}', '2024-11-04 15:10:49', '2024-11-04 15:10:49'),
('M6oM97valjr-TtRXAfnLXKZJF1-9fAHM', '2024-11-06 13:20:39', '{\"cookie\":{\"originalMaxAge\":null,\"expires\":null,\"secure\":false,\"httpOnly\":true,\"path\":\"/\"}}', '2024-11-05 13:20:39', '2024-11-05 13:20:39'),
('M8tLJzRH4Q4jE65iADNsEqmlHMeWfwul', '2024-11-06 13:41:43', '{\"cookie\":{\"originalMaxAge\":null,\"expires\":null,\"secure\":false,\"httpOnly\":true,\"path\":\"/\"}}', '2024-11-05 13:41:43', '2024-11-05 13:41:43'),
('Mcovol4NtsfWl4ZAjL263PHufGvfN-VE', '2024-11-06 13:24:59', '{\"cookie\":{\"originalMaxAge\":null,\"expires\":null,\"secure\":false,\"httpOnly\":true,\"path\":\"/\"}}', '2024-11-05 13:24:59', '2024-11-05 13:24:59'),
('Mev6K4naJJVpn4N4GBuHMgBB4jdbmGlW', '2024-11-05 16:25:37', '{\"cookie\":{\"originalMaxAge\":null,\"expires\":null,\"secure\":false,\"httpOnly\":true,\"path\":\"/\"}}', '2024-11-04 16:25:37', '2024-11-04 16:25:37'),
('mIeTZqHiHg78eWZorEQtfJQ0Bi1j0E6r', '2024-11-05 15:11:05', '{\"cookie\":{\"originalMaxAge\":null,\"expires\":null,\"secure\":false,\"httpOnly\":true,\"path\":\"/\"}}', '2024-11-04 15:11:05', '2024-11-04 15:11:05'),
('mQKumEUiOqQwp8JHX7Csk0S1CPvYShmJ', '2024-11-05 16:26:32', '{\"cookie\":{\"originalMaxAge\":null,\"expires\":null,\"secure\":false,\"httpOnly\":true,\"path\":\"/\"}}', '2024-11-04 16:26:32', '2024-11-04 16:26:32'),
('mrQdBpI9w6g3qoG2p66tN2Qef0uPLW0w', '2024-11-06 13:13:41', '{\"cookie\":{\"originalMaxAge\":null,\"expires\":null,\"secure\":false,\"httpOnly\":true,\"path\":\"/\"}}', '2024-11-05 13:13:41', '2024-11-05 13:13:41'),
('MTgTaqb9levYlY4aMbTvG8Tzf2xziAkF', '2024-11-06 13:08:03', '{\"cookie\":{\"originalMaxAge\":null,\"expires\":null,\"secure\":false,\"httpOnly\":true,\"path\":\"/\"}}', '2024-11-05 13:08:03', '2024-11-05 13:08:03'),
('muy09v35eRDOIVbHE-CMJPH_rwhH7-SV', '2024-11-05 15:39:32', '{\"cookie\":{\"originalMaxAge\":null,\"expires\":null,\"secure\":false,\"httpOnly\":true,\"path\":\"/\"}}', '2024-11-04 15:39:32', '2024-11-04 15:39:32'),
('mVnkOsrz7k1DM6HyLlu4y_4ZSlkPt9LW', '2024-11-06 13:23:55', '{\"cookie\":{\"originalMaxAge\":null,\"expires\":null,\"secure\":false,\"httpOnly\":true,\"path\":\"/\"}}', '2024-11-05 13:23:55', '2024-11-05 13:23:55'),
('mZVuVaqccOnis6Xpto4q22YMSBN1sGqL', '2024-11-06 13:11:30', '{\"cookie\":{\"originalMaxAge\":null,\"expires\":null,\"secure\":false,\"httpOnly\":true,\"path\":\"/\"}}', '2024-11-05 13:11:30', '2024-11-05 13:11:30'),
('M_bJttvl_6DNA78EnRMfJbDB2hwTE_Bl', '2024-11-06 13:07:38', '{\"cookie\":{\"originalMaxAge\":null,\"expires\":null,\"secure\":false,\"httpOnly\":true,\"path\":\"/\"}}', '2024-11-05 13:07:38', '2024-11-05 13:07:38'),
('Nbel77cIi1sIutUA5idZ4F0yfw8efyM4', '2024-11-05 15:34:20', '{\"cookie\":{\"originalMaxAge\":null,\"expires\":null,\"secure\":false,\"httpOnly\":true,\"path\":\"/\"}}', '2024-11-04 15:34:20', '2024-11-04 15:34:20'),
('nI4iby7z9cf3mVevvlIhBjckeh1BVceM', '2024-11-06 13:24:49', '{\"cookie\":{\"originalMaxAge\":null,\"expires\":null,\"secure\":false,\"httpOnly\":true,\"path\":\"/\"}}', '2024-11-05 13:24:49', '2024-11-05 13:24:49'),
('Nj8FnFzQ35AK3tRJMyT5nUXUzSRi3fWi', '2024-11-05 15:28:55', '{\"cookie\":{\"originalMaxAge\":null,\"expires\":null,\"secure\":false,\"httpOnly\":true,\"path\":\"/\"}}', '2024-11-04 15:28:55', '2024-11-04 15:28:55'),
('nk6ttRTK3FkSPb-BHFFbnlc0wOej0XeZ', '2024-11-06 13:14:26', '{\"cookie\":{\"originalMaxAge\":null,\"expires\":null,\"secure\":false,\"httpOnly\":true,\"path\":\"/\"}}', '2024-11-05 13:14:26', '2024-11-05 13:14:26'),
('NlIIVy7JMDcUbIu7lih3v7j0V8mOUgZa', '2024-11-05 15:16:26', '{\"cookie\":{\"originalMaxAge\":null,\"expires\":null,\"secure\":false,\"httpOnly\":true,\"path\":\"/\"}}', '2024-11-04 15:16:26', '2024-11-04 15:16:26'),
('nOEBZxnWRDCCUICpCx3wCZukfaklzZKC', '2024-11-05 15:34:33', '{\"cookie\":{\"originalMaxAge\":null,\"expires\":null,\"secure\":false,\"httpOnly\":true,\"path\":\"/\"}}', '2024-11-04 15:34:33', '2024-11-04 15:34:33'),
('NrlEz0AGCbCIJ4R1jflF8sTOA97O1OFQ', '2024-11-06 13:39:19', '{\"cookie\":{\"originalMaxAge\":null,\"expires\":null,\"secure\":false,\"httpOnly\":true,\"path\":\"/\"}}', '2024-11-05 13:39:19', '2024-11-05 13:39:19'),
('nrmWl55zssOMijMGmJdNRPFIwFj2sXmR', '2024-11-06 13:18:46', '{\"cookie\":{\"originalMaxAge\":null,\"expires\":null,\"secure\":false,\"httpOnly\":true,\"path\":\"/\"}}', '2024-11-05 13:18:46', '2024-11-05 13:18:46'),
('O-FKE3TLgBgnCjUeuFaEGjaa7k8DRC-3', '2024-11-06 13:22:38', '{\"cookie\":{\"originalMaxAge\":null,\"expires\":null,\"secure\":false,\"httpOnly\":true,\"path\":\"/\"}}', '2024-11-05 13:22:38', '2024-11-05 13:22:38'),
('o0eXOzPAfCVHc_y5Jz8ab4DDcUJHM2P5', '2024-11-06 13:33:55', '{\"cookie\":{\"originalMaxAge\":null,\"expires\":null,\"secure\":false,\"httpOnly\":true,\"path\":\"/\"}}', '2024-11-05 13:33:55', '2024-11-05 13:33:55'),
('O0KTSeVGgmZXSwYVkaCQ3RXemlgAs5Ui', '2024-11-05 15:34:27', '{\"cookie\":{\"originalMaxAge\":null,\"expires\":null,\"secure\":false,\"httpOnly\":true,\"path\":\"/\"}}', '2024-11-04 15:34:27', '2024-11-04 15:34:27'),
('o1YQ20DLvZ_AnTv_6yITQpkj6FnJOkn9', '2024-11-05 14:57:05', '{\"cookie\":{\"originalMaxAge\":null,\"expires\":null,\"secure\":false,\"httpOnly\":true,\"path\":\"/\"}}', '2024-11-04 14:57:05', '2024-11-04 14:57:05'),
('o2v7qAtMZsMv_kJBlIxGIQHPZLuGDDTZ', '2024-11-05 15:10:56', '{\"cookie\":{\"originalMaxAge\":null,\"expires\":null,\"secure\":false,\"httpOnly\":true,\"path\":\"/\"}}', '2024-11-04 15:10:56', '2024-11-04 15:10:56'),
('O3X63jPvwhyo1TfVGjLKqPNozbTu-8x8', '2024-11-05 14:57:16', '{\"cookie\":{\"originalMaxAge\":null,\"expires\":null,\"secure\":false,\"httpOnly\":true,\"path\":\"/\"}}', '2024-11-04 14:57:16', '2024-11-04 14:57:16'),
('O5mi1OFLoz0yuv_HWbm-zZWHL4M4noVM', '2024-11-06 13:15:39', '{\"cookie\":{\"originalMaxAge\":null,\"expires\":null,\"secure\":false,\"httpOnly\":true,\"path\":\"/\"}}', '2024-11-05 13:15:39', '2024-11-05 13:15:39'),
('omlnqxt1UibOhGHKf1wmKnjULjwXDd2e', '2024-11-06 13:29:29', '{\"cookie\":{\"originalMaxAge\":null,\"expires\":null,\"secure\":false,\"httpOnly\":true,\"path\":\"/\"}}', '2024-11-05 13:29:29', '2024-11-05 13:29:29'),
('oqIxi-ehC4ktddSEz6uCOTOvcM_gi_49', '2024-11-06 13:09:31', '{\"cookie\":{\"originalMaxAge\":null,\"expires\":null,\"secure\":false,\"httpOnly\":true,\"path\":\"/\"}}', '2024-11-05 13:09:31', '2024-11-05 13:09:31'),
('owIA0AQJzAUdPnwOtxGavirNrU9lGcwu', '2024-11-06 13:23:19', '{\"cookie\":{\"originalMaxAge\":null,\"expires\":null,\"secure\":false,\"httpOnly\":true,\"path\":\"/\"}}', '2024-11-05 13:23:19', '2024-11-05 13:23:19'),
('OWNFh0ljXJHMSROk7hHG1R7wl02Lsa-z', '2024-11-05 16:02:09', '{\"cookie\":{\"originalMaxAge\":null,\"expires\":null,\"secure\":false,\"httpOnly\":true,\"path\":\"/\"}}', '2024-11-04 16:02:09', '2024-11-04 16:02:09'),
('ow_HEPrJ_YBtbKY_de-KGE4uwwSgl3Op', '2024-11-06 13:11:48', '{\"cookie\":{\"originalMaxAge\":null,\"expires\":null,\"secure\":false,\"httpOnly\":true,\"path\":\"/\"}}', '2024-11-05 13:11:48', '2024-11-05 13:11:48'),
('P0bDddN6FjhxcYnRF8PBX9Ti5JdPTk2r', '2024-11-06 13:40:52', '{\"cookie\":{\"originalMaxAge\":null,\"expires\":null,\"secure\":false,\"httpOnly\":true,\"path\":\"/\"}}', '2024-11-05 13:40:52', '2024-11-05 13:40:52'),
('p0o4Hmk3rRbKx7x5HD1Sydri9yAsP6EO', '2024-11-06 13:35:51', '{\"cookie\":{\"originalMaxAge\":null,\"expires\":null,\"secure\":false,\"httpOnly\":true,\"path\":\"/\"}}', '2024-11-05 13:35:51', '2024-11-05 13:35:51'),
('p1qQUov3NOWHLv2wpBGajpPJ6HVNURcj', '2024-11-06 13:14:36', '{\"cookie\":{\"originalMaxAge\":null,\"expires\":null,\"secure\":false,\"httpOnly\":true,\"path\":\"/\"}}', '2024-11-05 13:14:36', '2024-11-05 13:14:36'),
('pczgxEW3aKKTvrQ-estCmyhv4D_mmrcj', '2024-11-06 13:43:39', '{\"cookie\":{\"originalMaxAge\":null,\"expires\":null,\"secure\":false,\"httpOnly\":true,\"path\":\"/\"}}', '2024-11-05 13:43:39', '2024-11-05 13:43:39'),
('PejE7P_YB5_P_5_dSCtwCyTg95-NOjui', '2024-11-05 14:57:36', '{\"cookie\":{\"originalMaxAge\":null,\"expires\":null,\"secure\":false,\"httpOnly\":true,\"path\":\"/\"}}', '2024-11-04 14:57:36', '2024-11-04 14:57:36'),
('PMrvU8rNkJoS7LTocXvn-Vk0PQXWvhTX', '2024-11-05 16:26:05', '{\"cookie\":{\"originalMaxAge\":null,\"expires\":null,\"secure\":false,\"httpOnly\":true,\"path\":\"/\"}}', '2024-11-04 16:26:05', '2024-11-04 16:26:05'),
('PnxEY73cZj5r3zIJPkq1DppGuZOVIy9E', '2024-11-05 14:52:46', '{\"cookie\":{\"originalMaxAge\":null,\"expires\":null,\"secure\":false,\"httpOnly\":true,\"path\":\"/\"}}', '2024-11-04 14:52:46', '2024-11-04 14:52:46'),
('prgfMJQU51t9IldneS9dPERMbXx4zkDB', '2024-11-05 15:24:48', '{\"cookie\":{\"originalMaxAge\":null,\"expires\":null,\"secure\":false,\"httpOnly\":true,\"path\":\"/\"}}', '2024-11-04 15:24:48', '2024-11-04 15:24:48'),
('qcSe7OOAvc4VH0mw8vaJ3IES3ujpea1b', '2024-11-05 15:34:48', '{\"cookie\":{\"originalMaxAge\":null,\"expires\":null,\"secure\":false,\"httpOnly\":true,\"path\":\"/\"}}', '2024-11-04 15:34:48', '2024-11-04 15:34:48'),
('qIGjQor-jvlDHVhmL1ed_jFlE1pL7EPn', '2024-11-06 13:32:25', '{\"cookie\":{\"originalMaxAge\":null,\"expires\":null,\"secure\":false,\"httpOnly\":true,\"path\":\"/\"}}', '2024-11-05 13:32:25', '2024-11-05 13:32:25'),
('QXXtZaZsoDQmmBn34X2KQlM5dCbMSwEp', '2024-11-06 13:29:43', '{\"cookie\":{\"originalMaxAge\":null,\"expires\":null,\"secure\":false,\"httpOnly\":true,\"path\":\"/\"}}', '2024-11-05 13:29:43', '2024-11-05 13:29:43'),
('qzXlwHAz6GtVpdbrfM4dr4huRjcDl6DI', '2024-11-05 15:04:35', '{\"cookie\":{\"originalMaxAge\":null,\"expires\":null,\"secure\":false,\"httpOnly\":true,\"path\":\"/\"}}', '2024-11-04 15:04:35', '2024-11-04 15:04:35'),
('r0VQA3swdSZMWHZQg1Rzdd0jdZta-O3f', '2024-11-05 16:27:01', '{\"cookie\":{\"originalMaxAge\":null,\"expires\":null,\"secure\":false,\"httpOnly\":true,\"path\":\"/\"}}', '2024-11-04 16:27:01', '2024-11-04 16:27:01'),
('R9KD8R_BV43gFrEX8NrFVi9ujfj3xfBM', '2024-11-05 15:15:29', '{\"cookie\":{\"originalMaxAge\":null,\"expires\":null,\"secure\":false,\"httpOnly\":true,\"path\":\"/\"}}', '2024-11-04 15:15:29', '2024-11-04 15:15:29'),
('RAfh1mqYhttlQrlNncizPr1iQi8idN6j', '2024-11-06 13:43:46', '{\"cookie\":{\"originalMaxAge\":null,\"expires\":null,\"secure\":false,\"httpOnly\":true,\"path\":\"/\"}}', '2024-11-05 13:43:46', '2024-11-05 13:43:46'),
('Rage0mVSNtz11_rrBewFihmr-qS5zlkL', '2024-11-05 14:55:05', '{\"cookie\":{\"originalMaxAge\":null,\"expires\":null,\"secure\":false,\"httpOnly\":true,\"path\":\"/\"}}', '2024-11-04 14:55:05', '2024-11-04 14:55:05'),
('ResRrcsQwMoqW6k_uNGnF9h7hZxmwDpp', '2024-11-06 13:13:19', '{\"cookie\":{\"originalMaxAge\":null,\"expires\":null,\"secure\":false,\"httpOnly\":true,\"path\":\"/\"}}', '2024-11-05 13:13:19', '2024-11-05 13:13:19'),
('rflyty5UkwKpTcYoXVAPF3pHffFET4JR', '2024-11-05 15:05:53', '{\"cookie\":{\"originalMaxAge\":null,\"expires\":null,\"secure\":false,\"httpOnly\":true,\"path\":\"/\"}}', '2024-11-04 15:05:53', '2024-11-04 15:05:53'),
('RKv0AvRZudGB_M2HKbYNTmAvDB6Q0wRC', '2024-11-06 13:06:48', '{\"cookie\":{\"originalMaxAge\":null,\"expires\":null,\"secure\":false,\"httpOnly\":true,\"path\":\"/\"}}', '2024-11-05 13:06:48', '2024-11-05 13:06:48'),
('RLp1y6q_K3lni7FyybiJTuWnPJWJeCtZ', '2024-11-05 15:08:07', '{\"cookie\":{\"originalMaxAge\":null,\"expires\":null,\"secure\":false,\"httpOnly\":true,\"path\":\"/\"}}', '2024-11-04 15:08:07', '2024-11-04 15:08:07'),
('RNUq1xJNqc0W8EybUOFMOcWSsTSdYdPv', '2024-11-06 13:37:06', '{\"cookie\":{\"originalMaxAge\":null,\"expires\":null,\"secure\":false,\"httpOnly\":true,\"path\":\"/\"}}', '2024-11-05 13:37:06', '2024-11-05 13:37:06'),
('rsPe7nWIf_C1tRtRKxr68kwaglyKZYlp', '2024-11-06 13:44:18', '{\"cookie\":{\"originalMaxAge\":null,\"expires\":null,\"secure\":false,\"httpOnly\":true,\"path\":\"/\"}}', '2024-11-05 13:44:18', '2024-11-05 13:44:18'),
('RVBdQMCixx1EuMSV7DlsZ-mIyx5BRbVX', '2024-11-06 13:38:34', '{\"cookie\":{\"originalMaxAge\":null,\"expires\":null,\"secure\":false,\"httpOnly\":true,\"path\":\"/\"}}', '2024-11-05 13:38:34', '2024-11-05 13:38:34'),
('s4yQd-izoF1sgthRMS1V1n8sXC32BWwr', '2024-11-06 13:13:02', '{\"cookie\":{\"originalMaxAge\":null,\"expires\":null,\"secure\":false,\"httpOnly\":true,\"path\":\"/\"}}', '2024-11-05 13:13:02', '2024-11-05 13:13:02'),
('S9DIP1UWUo6iv2BoSE1bIjiv6VsbxO_g', '2024-11-05 16:02:02', '{\"cookie\":{\"originalMaxAge\":null,\"expires\":null,\"secure\":false,\"httpOnly\":true,\"path\":\"/\"}}', '2024-11-04 16:02:02', '2024-11-04 16:02:02'),
('SIqmFrzHZmHzmKqHYvPZ3ULAuD80xzeK', '2024-11-05 15:30:18', '{\"cookie\":{\"originalMaxAge\":null,\"expires\":null,\"secure\":false,\"httpOnly\":true,\"path\":\"/\"}}', '2024-11-04 15:30:18', '2024-11-04 15:30:18'),
('SnlQWdkosq7n9AECChHLMR8xfoPRuyM1', '2024-11-05 15:34:56', '{\"cookie\":{\"originalMaxAge\":null,\"expires\":null,\"secure\":false,\"httpOnly\":true,\"path\":\"/\"}}', '2024-11-04 15:34:56', '2024-11-04 15:34:56'),
('Spixbqi665JwKv6IglH2shnjmkAzxkM8', '2024-11-05 15:06:20', '{\"cookie\":{\"originalMaxAge\":null,\"expires\":null,\"secure\":false,\"httpOnly\":true,\"path\":\"/\"}}', '2024-11-04 15:06:20', '2024-11-04 15:06:20'),
('su8sEBIacv3WOhFrBMLcD3NagqsvWuz_', '2024-11-06 13:40:07', '{\"cookie\":{\"originalMaxAge\":null,\"expires\":null,\"secure\":false,\"httpOnly\":true,\"path\":\"/\"}}', '2024-11-05 13:40:07', '2024-11-05 13:40:07'),
('TAWDMahiX1kdhFGCV2vX3FyKzgmuz7l5', '2024-11-06 13:11:09', '{\"cookie\":{\"originalMaxAge\":null,\"expires\":null,\"secure\":false,\"httpOnly\":true,\"path\":\"/\"}}', '2024-11-05 13:11:09', '2024-11-05 13:11:09'),
('TbAKU-8m1E9sIvWdc4CTkPBfdqi-EavF', '2024-11-06 13:35:37', '{\"cookie\":{\"originalMaxAge\":null,\"expires\":null,\"secure\":false,\"httpOnly\":true,\"path\":\"/\"}}', '2024-11-05 13:35:37', '2024-11-05 13:35:37'),
('TlOtBWwgPQCcveGoXyG9TEMuWHUk4nJ5', '2024-11-05 15:35:08', '{\"cookie\":{\"originalMaxAge\":null,\"expires\":null,\"secure\":false,\"httpOnly\":true,\"path\":\"/\"}}', '2024-11-04 15:35:08', '2024-11-04 15:35:08'),
('tMOSsDng6B3i4LmJcrs0jGPXUAkVbz8A', '2024-11-06 13:16:13', '{\"cookie\":{\"originalMaxAge\":null,\"expires\":null,\"secure\":false,\"httpOnly\":true,\"path\":\"/\"}}', '2024-11-05 13:16:13', '2024-11-05 13:16:13'),
('TnXg22254G2-grDweMqt88dfd87G1X7t', '2024-11-06 13:16:04', '{\"cookie\":{\"originalMaxAge\":null,\"expires\":null,\"secure\":false,\"httpOnly\":true,\"path\":\"/\"}}', '2024-11-05 13:16:04', '2024-11-05 13:16:04'),
('TOIGv4mUrhJ5MGfR4gBgK0DFsj9Nsat9', '2024-11-06 13:17:51', '{\"cookie\":{\"originalMaxAge\":null,\"expires\":null,\"secure\":false,\"httpOnly\":true,\"path\":\"/\"}}', '2024-11-05 13:17:51', '2024-11-05 13:17:51'),
('tOk8TLfRyo1ApAnysLH6LYaJzRzVzWCy', '2024-11-05 15:06:41', '{\"cookie\":{\"originalMaxAge\":null,\"expires\":null,\"secure\":false,\"httpOnly\":true,\"path\":\"/\"}}', '2024-11-04 15:06:41', '2024-11-04 15:06:41'),
('TVGfplcy6ibEN_Cf2719n7K40IVToTpq', '2024-11-05 14:49:44', '{\"cookie\":{\"originalMaxAge\":null,\"expires\":null,\"secure\":false,\"httpOnly\":true,\"path\":\"/\"}}', '2024-11-04 14:49:44', '2024-11-04 14:49:44'),
('tvNVMuq44NpxF8kkZkE-Q0vtTLzVTdSa', '2024-11-06 13:07:55', '{\"cookie\":{\"originalMaxAge\":null,\"expires\":null,\"secure\":false,\"httpOnly\":true,\"path\":\"/\"}}', '2024-11-05 13:07:55', '2024-11-05 13:07:55'),
('u0hMvrad039xPuu8yUawqOKOguCxew22', '2024-11-05 16:23:33', '{\"cookie\":{\"originalMaxAge\":null,\"expires\":null,\"secure\":false,\"httpOnly\":true,\"path\":\"/\"}}', '2024-11-04 16:23:33', '2024-11-04 16:23:33'),
('u3rDQof_GDXjcA9jGztsin0LAM8hGyI8', '2024-11-05 15:05:33', '{\"cookie\":{\"originalMaxAge\":null,\"expires\":null,\"secure\":false,\"httpOnly\":true,\"path\":\"/\"}}', '2024-11-04 15:05:33', '2024-11-04 15:05:33'),
('U9XLw_ENqFYtjjh1vQhGZUl6lk69BdV2', '2024-11-05 15:16:43', '{\"cookie\":{\"originalMaxAge\":null,\"expires\":null,\"secure\":false,\"httpOnly\":true,\"path\":\"/\"}}', '2024-11-04 15:16:43', '2024-11-04 15:16:43'),
('UCv3-UT_CvH-o-h7t7gIbETOzZw2q9Pf', '2024-11-06 13:36:18', '{\"cookie\":{\"originalMaxAge\":null,\"expires\":null,\"secure\":false,\"httpOnly\":true,\"path\":\"/\"}}', '2024-11-05 13:36:18', '2024-11-05 13:36:18'),
('uFeMyoU1z4nStDV-vqI3_iAYrTEcvK1W', '2024-11-06 13:25:21', '{\"cookie\":{\"originalMaxAge\":null,\"expires\":null,\"secure\":false,\"httpOnly\":true,\"path\":\"/\"}}', '2024-11-05 13:25:21', '2024-11-05 13:25:21'),
('UFQodqKhsbG_DqyMAVPW1ZfSz7yAQI4E', '2024-11-06 13:31:46', '{\"cookie\":{\"originalMaxAge\":null,\"expires\":null,\"secure\":false,\"httpOnly\":true,\"path\":\"/\"}}', '2024-11-05 13:31:46', '2024-11-05 13:31:46'),
('UgSiseKwyQvFOA2BnnlVZR9HxsMRstA4', '2024-11-05 14:55:39', '{\"cookie\":{\"originalMaxAge\":null,\"expires\":null,\"secure\":false,\"httpOnly\":true,\"path\":\"/\"}}', '2024-11-04 14:55:39', '2024-11-04 14:55:39'),
('uIzjGT_vMcu6jS2tz_VpR4fv9I0lnYWI', '2024-11-05 15:35:54', '{\"cookie\":{\"originalMaxAge\":null,\"expires\":null,\"secure\":false,\"httpOnly\":true,\"path\":\"/\"}}', '2024-11-04 15:35:54', '2024-11-04 15:35:54'),
('uMAtLKZinZ8pTPEk0Es4LUm2W85VkKd_', '2024-11-06 13:29:19', '{\"cookie\":{\"originalMaxAge\":null,\"expires\":null,\"secure\":false,\"httpOnly\":true,\"path\":\"/\"}}', '2024-11-05 13:29:19', '2024-11-05 13:29:19'),
('UNbTFbtkXm7MiGld6477Re8bK-rLQKbB', '2024-11-06 13:17:03', '{\"cookie\":{\"originalMaxAge\":null,\"expires\":null,\"secure\":false,\"httpOnly\":true,\"path\":\"/\"}}', '2024-11-05 13:17:03', '2024-11-05 13:17:03'),
('UnYhEkSEPguVSON2B6wVZd882_sZdPij', '2024-11-06 13:16:21', '{\"cookie\":{\"originalMaxAge\":null,\"expires\":null,\"secure\":false,\"httpOnly\":true,\"path\":\"/\"}}', '2024-11-05 13:16:21', '2024-11-05 13:16:21'),
('uV4CwVJAmEsaN-MJDW2mTqqHkpFfHlB6', '2024-11-06 13:34:54', '{\"cookie\":{\"originalMaxAge\":null,\"expires\":null,\"secure\":false,\"httpOnly\":true,\"path\":\"/\"}}', '2024-11-05 13:34:54', '2024-11-05 13:34:54'),
('uX1rIn_S5wklBYa2EoaeSf5m2B16OTHT', '2024-11-06 13:42:36', '{\"cookie\":{\"originalMaxAge\":null,\"expires\":null,\"secure\":false,\"httpOnly\":true,\"path\":\"/\"}}', '2024-11-05 13:42:36', '2024-11-05 13:42:36'),
('uXptOS2NL_tfwt7RhUL5Oyzm74dQgFI9', '2024-11-05 15:05:18', '{\"cookie\":{\"originalMaxAge\":null,\"expires\":null,\"secure\":false,\"httpOnly\":true,\"path\":\"/\"}}', '2024-11-04 15:05:18', '2024-11-04 15:05:18'),
('uyTSv039VnvRcMWTlBDj9cdhEz50zfli', '2024-11-06 13:23:10', '{\"cookie\":{\"originalMaxAge\":null,\"expires\":null,\"secure\":false,\"httpOnly\":true,\"path\":\"/\"}}', '2024-11-05 13:23:10', '2024-11-05 13:23:10');
INSERT INTO `sessions` (`sid`, `expires`, `data`, `createdAt`, `updatedAt`) VALUES
('UzBTt-z2hHNUdu11rbT19XfeKPrOmagi', '2024-11-05 15:39:12', '{\"cookie\":{\"originalMaxAge\":null,\"expires\":null,\"secure\":false,\"httpOnly\":true,\"path\":\"/\"}}', '2024-11-04 15:39:12', '2024-11-04 15:39:12'),
('UZvurqhnAVaKUNUTevfLjh-dt94mKI14', '2024-11-06 13:19:11', '{\"cookie\":{\"originalMaxAge\":null,\"expires\":null,\"secure\":false,\"httpOnly\":true,\"path\":\"/\"}}', '2024-11-05 13:19:11', '2024-11-05 13:19:11'),
('V44rzAr4OeQRpZiR8KIZ9m0r-cea5ghY', '2024-11-06 13:28:49', '{\"cookie\":{\"originalMaxAge\":null,\"expires\":null,\"secure\":false,\"httpOnly\":true,\"path\":\"/\"}}', '2024-11-05 13:28:49', '2024-11-05 13:28:49'),
('v6d0rX2mH2ExAolgFDBrtTGQzcf4lUSK', '2024-11-06 13:30:20', '{\"cookie\":{\"originalMaxAge\":null,\"expires\":null,\"secure\":false,\"httpOnly\":true,\"path\":\"/\"}}', '2024-11-05 13:30:20', '2024-11-05 13:30:20'),
('vFs8GbJ806HecpS6jw97PQOk4n9T6b6i', '2024-11-06 13:38:07', '{\"cookie\":{\"originalMaxAge\":null,\"expires\":null,\"secure\":false,\"httpOnly\":true,\"path\":\"/\"}}', '2024-11-05 13:38:07', '2024-11-05 13:38:07'),
('VFXa9o_4fBTFx7HJF4t-ZJxPWaCbsFta', '2024-11-06 13:15:06', '{\"cookie\":{\"originalMaxAge\":null,\"expires\":null,\"secure\":false,\"httpOnly\":true,\"path\":\"/\"}}', '2024-11-05 13:15:06', '2024-11-05 13:15:06'),
('VI7zLL3Abx8Pw2eRxraQRYtJGdL324du', '2024-11-05 15:33:00', '{\"cookie\":{\"originalMaxAge\":null,\"expires\":null,\"secure\":false,\"httpOnly\":true,\"path\":\"/\"}}', '2024-11-04 15:33:00', '2024-11-04 15:33:00'),
('VjImDFCCAnUuWyAIDNZPTshWRlAQh9tu', '2024-11-06 13:39:27', '{\"cookie\":{\"originalMaxAge\":null,\"expires\":null,\"secure\":false,\"httpOnly\":true,\"path\":\"/\"}}', '2024-11-05 13:39:27', '2024-11-05 13:39:27'),
('VLQCFqXAvJbauhl-BlXDxJFYad24H5TC', '2024-11-05 15:12:36', '{\"cookie\":{\"originalMaxAge\":null,\"expires\":null,\"secure\":false,\"httpOnly\":true,\"path\":\"/\"}}', '2024-11-04 15:12:36', '2024-11-04 15:12:36'),
('Vr1f_bve2gueyiziLofj37DNT7tPN-bN', '2024-11-06 13:33:22', '{\"cookie\":{\"originalMaxAge\":null,\"expires\":null,\"secure\":false,\"httpOnly\":true,\"path\":\"/\"}}', '2024-11-05 13:33:22', '2024-11-05 13:33:22'),
('vsEIBQwEbcn1PBC2qzHPxDIaYsHt1hCO', '2024-11-06 13:26:13', '{\"cookie\":{\"originalMaxAge\":null,\"expires\":null,\"secure\":false,\"httpOnly\":true,\"path\":\"/\"}}', '2024-11-05 13:26:13', '2024-11-05 13:26:13'),
('vvbRUXxnGJB2jIhZJnDmraWj5B1eSe15', '2024-11-06 13:38:27', '{\"cookie\":{\"originalMaxAge\":null,\"expires\":null,\"secure\":false,\"httpOnly\":true,\"path\":\"/\"}}', '2024-11-05 13:38:27', '2024-11-05 13:38:27'),
('W2OYGJnZBM5SPECR92MqmMWEs2ek0b-y', '2024-11-05 15:28:26', '{\"cookie\":{\"originalMaxAge\":null,\"expires\":null,\"secure\":false,\"httpOnly\":true,\"path\":\"/\"}}', '2024-11-04 15:28:26', '2024-11-04 15:28:26'),
('W4AFhbl7w9X81HQ0gGHLT-YC6xLQ4n4c', '2024-11-05 14:52:14', '{\"cookie\":{\"originalMaxAge\":null,\"expires\":null,\"secure\":false,\"httpOnly\":true,\"path\":\"/\"}}', '2024-11-04 14:52:14', '2024-11-04 14:52:14'),
('wigYmcPpjR4kjDbYIoeIX9rj3Qo5p6-f', '2024-11-06 13:37:26', '{\"cookie\":{\"originalMaxAge\":null,\"expires\":null,\"secure\":false,\"httpOnly\":true,\"path\":\"/\"}}', '2024-11-05 13:37:26', '2024-11-05 13:37:26'),
('wNzlkEXMYaheE8uAsi3uplQoOiYKENwj', '2024-11-06 13:12:41', '{\"cookie\":{\"originalMaxAge\":null,\"expires\":null,\"secure\":false,\"httpOnly\":true,\"path\":\"/\"}}', '2024-11-05 13:12:41', '2024-11-05 13:12:41'),
('woZIu1-FKe-nbiCZ3kzl0JKO0cEy9lrm', '2024-11-06 13:18:02', '{\"cookie\":{\"originalMaxAge\":null,\"expires\":null,\"secure\":false,\"httpOnly\":true,\"path\":\"/\"}}', '2024-11-05 13:18:02', '2024-11-05 13:18:02'),
('wpEI49ZDvyUoMj8TJ2gkmxrfyS_fz2jA', '2024-11-06 13:41:00', '{\"cookie\":{\"originalMaxAge\":null,\"expires\":null,\"secure\":false,\"httpOnly\":true,\"path\":\"/\"}}', '2024-11-05 13:41:00', '2024-11-05 13:41:00'),
('WuMJEIlF2Hu_nlxrHOgShmPdQ0u-efty', '2024-11-06 13:17:38', '{\"cookie\":{\"originalMaxAge\":null,\"expires\":null,\"secure\":false,\"httpOnly\":true,\"path\":\"/\"}}', '2024-11-05 13:17:38', '2024-11-05 13:17:38'),
('WvsIn9Fs2amA4NKpal8TeIBl3_Ku1U-d', '2024-11-06 13:16:30', '{\"cookie\":{\"originalMaxAge\":null,\"expires\":null,\"secure\":false,\"httpOnly\":true,\"path\":\"/\"}}', '2024-11-05 13:16:30', '2024-11-05 13:16:30'),
('wxlXXy8z10-RNXI7k8yo4ksqe81-sINC', '2024-11-05 15:32:48', '{\"cookie\":{\"originalMaxAge\":null,\"expires\":null,\"secure\":false,\"httpOnly\":true,\"path\":\"/\"}}', '2024-11-04 15:32:48', '2024-11-04 15:32:48'),
('w_S-9jJxkDKnCAys6myaehoUOG_w_eNH', '2024-11-06 13:34:25', '{\"cookie\":{\"originalMaxAge\":null,\"expires\":null,\"secure\":false,\"httpOnly\":true,\"path\":\"/\"}}', '2024-11-05 13:34:25', '2024-11-05 13:34:25'),
('W_ZJDAiCZgluo1fjP0aU50R4Akfl1O6Y', '2024-11-05 16:27:40', '{\"cookie\":{\"originalMaxAge\":null,\"expires\":null,\"secure\":false,\"httpOnly\":true,\"path\":\"/\"}}', '2024-11-04 16:27:40', '2024-11-04 16:27:40'),
('X1pvEPhZsSkBUtdDfd5tWqU3auhW93Sw', '2024-11-06 13:28:40', '{\"cookie\":{\"originalMaxAge\":null,\"expires\":null,\"secure\":false,\"httpOnly\":true,\"path\":\"/\"}}', '2024-11-05 13:28:40', '2024-11-05 13:28:40'),
('X4cFy2v-0KJF65qYkziTFgjViQFBH1Fk', '2024-11-05 16:23:52', '{\"cookie\":{\"originalMaxAge\":null,\"expires\":null,\"secure\":false,\"httpOnly\":true,\"path\":\"/\"}}', '2024-11-04 16:23:52', '2024-11-04 16:23:52'),
('X5hTQrE1JF84KlBUgxvaBlKLjVNi6yAf', '2024-11-06 13:29:51', '{\"cookie\":{\"originalMaxAge\":null,\"expires\":null,\"secure\":false,\"httpOnly\":true,\"path\":\"/\"}}', '2024-11-05 13:29:51', '2024-11-05 13:29:51'),
('Xhw78X_h4Y-PfNSO06I6lDMGWci7nHRl', '2024-11-06 13:09:21', '{\"cookie\":{\"originalMaxAge\":null,\"expires\":null,\"secure\":false,\"httpOnly\":true,\"path\":\"/\"}}', '2024-11-05 13:09:21', '2024-11-05 13:09:21'),
('XSS2kmsUmDcxUf6ZqIM54-BLirINNbOy', '2024-11-06 13:36:43', '{\"cookie\":{\"originalMaxAge\":null,\"expires\":null,\"secure\":false,\"httpOnly\":true,\"path\":\"/\"}}', '2024-11-05 13:36:43', '2024-11-05 13:36:43'),
('XWk2WOy-LodWWGs-TcegI9iG9B53-GN2', '2024-11-05 15:33:49', '{\"cookie\":{\"originalMaxAge\":null,\"expires\":null,\"secure\":false,\"httpOnly\":true,\"path\":\"/\"}}', '2024-11-04 15:33:49', '2024-11-04 15:33:49'),
('XYh0TEpjz-3l8yGMXjV1q4GzExDT3T7I', '2024-11-06 13:42:26', '{\"cookie\":{\"originalMaxAge\":null,\"expires\":null,\"secure\":false,\"httpOnly\":true,\"path\":\"/\"}}', '2024-11-05 13:42:26', '2024-11-05 13:42:26'),
('xyNjsl3lZlpmnX_qR8SJPWCs-Bn2-eVr', '2024-11-05 16:27:23', '{\"cookie\":{\"originalMaxAge\":null,\"expires\":null,\"secure\":false,\"httpOnly\":true,\"path\":\"/\"}}', '2024-11-04 16:27:23', '2024-11-04 16:27:23'),
('ydSvY8de2GhAVx_a-LxUqpUAMSPVRbL5', '2024-11-05 16:25:30', '{\"cookie\":{\"originalMaxAge\":null,\"expires\":null,\"secure\":false,\"httpOnly\":true,\"path\":\"/\"}}', '2024-11-04 16:25:30', '2024-11-04 16:25:30'),
('YE33uBLL5joypnKaR2qajSPYRh6D2xKl', '2024-11-06 13:15:47', '{\"cookie\":{\"originalMaxAge\":null,\"expires\":null,\"secure\":false,\"httpOnly\":true,\"path\":\"/\"}}', '2024-11-05 13:15:47', '2024-11-05 13:15:47'),
('YGTrvbAcZUXu8BUbxEEDLLWXccwKRsAv', '2024-11-06 13:20:22', '{\"cookie\":{\"originalMaxAge\":null,\"expires\":null,\"secure\":false,\"httpOnly\":true,\"path\":\"/\"}}', '2024-11-05 13:20:22', '2024-11-05 13:20:22'),
('YILZBbIUYMV7Hrw_noHD38Cr-hv_DfT8', '2024-11-05 15:17:14', '{\"cookie\":{\"originalMaxAge\":null,\"expires\":null,\"secure\":false,\"httpOnly\":true,\"path\":\"/\"}}', '2024-11-04 15:17:14', '2024-11-04 15:17:14'),
('YjN9wl5PO6deMY_kZ14Z6HBFaaOFdxHV', '2024-11-05 14:55:18', '{\"cookie\":{\"originalMaxAge\":null,\"expires\":null,\"secure\":false,\"httpOnly\":true,\"path\":\"/\"}}', '2024-11-04 14:55:18', '2024-11-04 14:55:18'),
('YjyudtI7WFj0lECXTFJLb3uQFR3CBRDY', '2024-11-06 13:09:10', '{\"cookie\":{\"originalMaxAge\":null,\"expires\":null,\"secure\":false,\"httpOnly\":true,\"path\":\"/\"}}', '2024-11-05 13:09:10', '2024-11-05 13:09:10'),
('YkJEU1J3i7DMX2Be_mMoB4_I0gKAX-N7', '2024-11-06 13:38:42', '{\"cookie\":{\"originalMaxAge\":null,\"expires\":null,\"secure\":false,\"httpOnly\":true,\"path\":\"/\"}}', '2024-11-05 13:38:42', '2024-11-05 13:38:42'),
('YnUFauHGwBGakSM9IhcvABvgwvZS0PGm', '2024-11-05 16:26:52', '{\"cookie\":{\"originalMaxAge\":null,\"expires\":null,\"secure\":false,\"httpOnly\":true,\"path\":\"/\"}}', '2024-11-04 16:26:52', '2024-11-04 16:26:52'),
('YtIAt8voidJM7o78GHduN7ZvRPKo7jIE', '2024-11-06 13:34:45', '{\"cookie\":{\"originalMaxAge\":null,\"expires\":null,\"secure\":false,\"httpOnly\":true,\"path\":\"/\"}}', '2024-11-05 13:34:45', '2024-11-05 13:34:45'),
('yU5Eb5CMpbX77kP3oEnX0vhiByPbs9_N', '2024-11-05 16:20:29', '{\"cookie\":{\"originalMaxAge\":null,\"expires\":null,\"secure\":false,\"httpOnly\":true,\"path\":\"/\"}}', '2024-11-04 16:20:29', '2024-11-04 16:20:29'),
('yVhVTk1dKuwOXx1v8VZNMx32aXjXVonV', '2024-11-06 13:38:15', '{\"cookie\":{\"originalMaxAge\":null,\"expires\":null,\"secure\":false,\"httpOnly\":true,\"path\":\"/\"}}', '2024-11-05 13:38:15', '2024-11-05 13:38:15'),
('YwyjCIJn1Hd4AERokSK5txbNJg2j2wPz', '2024-11-06 13:24:01', '{\"cookie\":{\"originalMaxAge\":null,\"expires\":null,\"secure\":false,\"httpOnly\":true,\"path\":\"/\"}}', '2024-11-05 13:24:01', '2024-11-05 13:24:01'),
('Yx94oXsvRAEa8MUJQu4B7bKaDiPGV96S', '2024-11-06 13:24:40', '{\"cookie\":{\"originalMaxAge\":null,\"expires\":null,\"secure\":false,\"httpOnly\":true,\"path\":\"/\"}}', '2024-11-05 13:24:40', '2024-11-05 13:24:40'),
('YYQ8_Rzu8I21jZYgDVL_iY3xfqNonzgF', '2024-11-06 13:40:14', '{\"cookie\":{\"originalMaxAge\":null,\"expires\":null,\"secure\":false,\"httpOnly\":true,\"path\":\"/\"}}', '2024-11-05 13:40:14', '2024-11-05 13:40:14'),
('Y_q_ZJxMrFQxPcoq5vvqA_McFKn4iLK4', '2024-11-06 13:16:56', '{\"cookie\":{\"originalMaxAge\":null,\"expires\":null,\"secure\":false,\"httpOnly\":true,\"path\":\"/\"}}', '2024-11-05 13:16:56', '2024-11-05 13:16:56'),
('Z0-gmqeaHfsjkz0K1Vqks-STXqI0jRst', '2024-11-06 13:35:18', '{\"cookie\":{\"originalMaxAge\":null,\"expires\":null,\"secure\":false,\"httpOnly\":true,\"path\":\"/\"}}', '2024-11-05 13:35:18', '2024-11-05 13:35:18'),
('Z1ZaMkcClhTv7N7lkMU0dsfXwgNLiqti', '2024-11-06 13:19:47', '{\"cookie\":{\"originalMaxAge\":null,\"expires\":null,\"secure\":false,\"httpOnly\":true,\"path\":\"/\"}}', '2024-11-05 13:19:47', '2024-11-05 13:19:47'),
('z71pUmWYVqASsfJy4JTgv87R0p9SEi1A', '2024-11-06 13:41:49', '{\"cookie\":{\"originalMaxAge\":null,\"expires\":null,\"secure\":false,\"httpOnly\":true,\"path\":\"/\"}}', '2024-11-05 13:41:49', '2024-11-05 13:41:49'),
('Zep0vOhFXOVV8dkDnkxnsE01J_0sWptJ', '2024-11-06 13:10:14', '{\"cookie\":{\"originalMaxAge\":null,\"expires\":null,\"secure\":false,\"httpOnly\":true,\"path\":\"/\"}}', '2024-11-05 13:10:14', '2024-11-05 13:10:14'),
('ZFLSFEbYL_bWYAUNucgKlfyItxFRp4XO', '2024-11-06 13:12:07', '{\"cookie\":{\"originalMaxAge\":null,\"expires\":null,\"secure\":false,\"httpOnly\":true,\"path\":\"/\"}}', '2024-11-05 13:12:07', '2024-11-05 13:12:07'),
('ZIu_KonsoPBmYNEpeU72IQ1F7qAQg67T', '2024-11-05 15:27:40', '{\"cookie\":{\"originalMaxAge\":null,\"expires\":null,\"secure\":false,\"httpOnly\":true,\"path\":\"/\"}}', '2024-11-04 15:27:40', '2024-11-04 15:27:40'),
('zjiTInUbUt04CXWjYTATU63wcXWJTq5t', '2024-11-05 15:29:08', '{\"cookie\":{\"originalMaxAge\":null,\"expires\":null,\"secure\":false,\"httpOnly\":true,\"path\":\"/\"}}', '2024-11-04 15:29:08', '2024-11-04 15:29:08'),
('ZMXhrzsXW7DaHJ68WoGoRkqThaMxHjlt', '2024-11-05 15:30:41', '{\"cookie\":{\"originalMaxAge\":null,\"expires\":null,\"secure\":false,\"httpOnly\":true,\"path\":\"/\"}}', '2024-11-04 15:30:41', '2024-11-04 15:30:41'),
('zO_18a30U3kt5x--7-_G5uVheEhTR4TO', '2024-11-05 15:05:42', '{\"cookie\":{\"originalMaxAge\":null,\"expires\":null,\"secure\":false,\"httpOnly\":true,\"path\":\"/\"}}', '2024-11-04 15:05:42', '2024-11-04 15:05:42'),
('ZpRqN7cpWypcgm3vOpHU-3rCFgUBE_72', '2024-11-05 14:56:54', '{\"cookie\":{\"originalMaxAge\":null,\"expires\":null,\"secure\":false,\"httpOnly\":true,\"path\":\"/\"}}', '2024-11-04 14:56:54', '2024-11-04 14:56:54'),
('zTk0VnIlxGhP9zA0ZBOJOGhyUKy6s9ht', '2024-11-05 14:54:44', '{\"cookie\":{\"originalMaxAge\":null,\"expires\":null,\"secure\":false,\"httpOnly\":true,\"path\":\"/\"}}', '2024-11-04 14:54:44', '2024-11-04 14:54:44'),
('ZzhYPumGc5lacSxJqiBBuyF-awduVc_F', '2024-11-06 13:07:24', '{\"cookie\":{\"originalMaxAge\":null,\"expires\":null,\"secure\":false,\"httpOnly\":true,\"path\":\"/\"}}', '2024-11-05 13:07:24', '2024-11-05 13:07:24'),
('_H4IcETewG1IquNRqn10iWZifwtEWxMG', '2024-11-05 16:24:38', '{\"cookie\":{\"originalMaxAge\":null,\"expires\":null,\"secure\":false,\"httpOnly\":true,\"path\":\"/\"}}', '2024-11-04 16:24:38', '2024-11-04 16:24:38'),
('_heS8pBRJRjEOUWkxHTu6wF4AGvCJBPU', '2024-11-06 13:21:02', '{\"cookie\":{\"originalMaxAge\":null,\"expires\":null,\"secure\":false,\"httpOnly\":true,\"path\":\"/\"}}', '2024-11-05 13:21:02', '2024-11-05 13:21:02'),
('_TMloQFrbedt2j3xiGCrS9-HRVuYEW4z', '2024-11-06 13:13:50', '{\"cookie\":{\"originalMaxAge\":null,\"expires\":null,\"secure\":false,\"httpOnly\":true,\"path\":\"/\"}}', '2024-11-05 13:13:50', '2024-11-05 13:13:50'),
('_uSum-_qqyQ62r7TSlcIs5N12xPpp7Ux', '2024-11-06 13:13:31', '{\"cookie\":{\"originalMaxAge\":null,\"expires\":null,\"secure\":false,\"httpOnly\":true,\"path\":\"/\"}}', '2024-11-05 13:13:31', '2024-11-05 13:13:31');

-- --------------------------------------------------------

--
-- Table structure for table `users`
--

CREATE TABLE `users` (
  `id` int(11) NOT NULL,
  `uuid` varchar(255) NOT NULL,
  `fname` varchar(255) NOT NULL,
  `lname` varchar(255) NOT NULL,
  `email` varchar(255) NOT NULL,
  `password` varchar(255) NOT NULL,
  `role` varchar(255) NOT NULL,
  `createdAt` datetime NOT NULL,
  `updatedAt` datetime NOT NULL
) ENGINE=InnoDB DEFAULT CHARSET=utf8mb4 COLLATE=utf8mb4_general_ci;

--
-- Dumping data for table `users`
--

INSERT INTO `users` (`id`, `uuid`, `fname`, `lname`, `email`, `password`, `role`, `createdAt`, `updatedAt`) VALUES
(1, 'c2fe0f12-7ac5-485b-9081-cd889831b7fb', 'admin', 'lnwza', 'admin@gmail.com', '$argon2id$v=19$m=65536,t=3,p=4$/oWW3ZqVxJlxZCtcAZjQkA$25EFtHYazSs5qhunsVPzST0K/6iwowb0/Lig7WwytvY', 'admin', '2024-11-04 14:49:36', '2024-11-04 14:49:36'),
(2, '42c760dd-ea3b-4506-a76f-997762f7ac6b', 'ณิชานันท์', 'ชำนาญช่าง', 'superadmin@ifbuu.ac.th', '$argon2id$v=19$m=65536,t=3,p=4$sIe7on2XjVOBZOCDo2lPdA$EQAe6PKrUNDE5HTnn+hkLw8UUvRosl39Bdpa/GYuC5g', 'admin', '2024-11-04 14:51:53', '2024-11-04 14:51:53'),
(3, 'cfe30e17-b724-4e13-bc5b-ee8d7dfb2d52', 'บวรทัต', 'คุณสารวนิช', '64160179@go.buu.ac.th', '$argon2id$v=19$m=65536,t=3,p=4$KYMO0m7Beur6dzRtnkAwzQ$T0uK+9D1Mk7bA++ppib0HtHakbSXfb1CIyVprVhso+s', 'user', '2024-11-04 14:52:14', '2024-11-04 14:52:14'),
(4, 'd51ceb12-5c9c-495b-8547-4b7169f902c5', 'วีระวัตร์', 'ขุนทองจันทร์', '64160019@go.buu.ac.th', '$argon2id$v=19$m=65536,t=3,p=4$4KtsJlDlEGRbDxGYsHMILQ$TJkVm/gRMR7pjnZHgKnbizTPmJ2RY2Nhn3kiXpZHHUI', 'user', '2024-11-04 14:52:46', '2024-11-04 14:52:46');

-- --------------------------------------------------------

--
-- Table structure for table `warehouses`
--

CREATE TABLE `warehouses` (
  `id` int(11) NOT NULL,
  `productId` int(11) NOT NULL,
  `quantity` decimal(10,2) NOT NULL,
  `price` decimal(10,2) DEFAULT NULL,
  `summary` decimal(10,2) DEFAULT NULL,
  `createdAt` datetime NOT NULL,
  `updatedAt` datetime NOT NULL
) ENGINE=InnoDB DEFAULT CHARSET=utf8mb4 COLLATE=utf8mb4_general_ci;

--
-- Indexes for dumped tables
--

--
-- Indexes for table `buyin`
--
ALTER TABLE `buyin`
  ADD PRIMARY KEY (`id`),
  ADD KEY `productId` (`productId`);

--
-- Indexes for table `cart`
--
ALTER TABLE `cart`
  ADD PRIMARY KEY (`id`),
  ADD KEY `productId` (`productId`),
  ADD KEY `userId` (`userId`);

--
-- Indexes for table `codenumbers`
--
ALTER TABLE `codenumbers`
  ADD PRIMARY KEY (`id`);

--
-- Indexes for table `countingunits`
--
ALTER TABLE `countingunits`
  ADD PRIMARY KEY (`id`);

--
-- Indexes for table `docnumbers`
--
ALTER TABLE `docnumbers`
  ADD PRIMARY KEY (`id`);

--
-- Indexes for table `locations`
--
ALTER TABLE `locations`
  ADD PRIMARY KEY (`id`);

--
-- Indexes for table `payout`
--
ALTER TABLE `payout`
  ADD PRIMARY KEY (`id`),
  ADD UNIQUE KEY `doc_number` (`doc_number`),
  ADD KEY `userId` (`userId`);

--
-- Indexes for table `payoutdetail`
--
ALTER TABLE `payoutdetail`
  ADD PRIMARY KEY (`id`),
  ADD KEY `payoutId` (`payoutId`),
  ADD KEY `productId` (`productId`),
  ADD KEY `userId_approved` (`userId_approved`);

--
-- Indexes for table `products`
--
ALTER TABLE `products`
  ADD PRIMARY KEY (`id`),
  ADD UNIQUE KEY `code` (`code`),
  ADD KEY `locationId` (`locationId`),
  ADD KEY `countingunitId` (`countingunitId`);

--
-- Indexes for table `sessions`
--
ALTER TABLE `sessions`
  ADD PRIMARY KEY (`sid`);

--
-- Indexes for table `users`
--
ALTER TABLE `users`
  ADD PRIMARY KEY (`id`),
  ADD UNIQUE KEY `fname` (`fname`),
  ADD UNIQUE KEY `email` (`email`);

--
-- Indexes for table `warehouses`
--
ALTER TABLE `warehouses`
  ADD PRIMARY KEY (`id`),
  ADD KEY `productId` (`productId`);

--
-- AUTO_INCREMENT for dumped tables
--

--
-- AUTO_INCREMENT for table `buyin`
--
ALTER TABLE `buyin`
  MODIFY `id` int(11) NOT NULL AUTO_INCREMENT;

--
-- AUTO_INCREMENT for table `cart`
--
ALTER TABLE `cart`
  MODIFY `id` int(11) NOT NULL AUTO_INCREMENT;

--
-- AUTO_INCREMENT for table `codenumbers`
--
ALTER TABLE `codenumbers`
  MODIFY `id` int(11) NOT NULL AUTO_INCREMENT, AUTO_INCREMENT=2;

--
-- AUTO_INCREMENT for table `countingunits`
--
ALTER TABLE `countingunits`
  MODIFY `id` int(11) NOT NULL AUTO_INCREMENT, AUTO_INCREMENT=24;

--
-- AUTO_INCREMENT for table `docnumbers`
--
ALTER TABLE `docnumbers`
  MODIFY `id` int(11) NOT NULL AUTO_INCREMENT;

--
-- AUTO_INCREMENT for table `locations`
--
ALTER TABLE `locations`
  MODIFY `id` int(11) NOT NULL AUTO_INCREMENT, AUTO_INCREMENT=19;

--
-- AUTO_INCREMENT for table `payout`
--
ALTER TABLE `payout`
  MODIFY `id` int(11) NOT NULL AUTO_INCREMENT;

--
-- AUTO_INCREMENT for table `payoutdetail`
--
ALTER TABLE `payoutdetail`
  MODIFY `id` int(11) NOT NULL AUTO_INCREMENT;

--
-- AUTO_INCREMENT for table `products`
--
ALTER TABLE `products`
  MODIFY `id` int(11) NOT NULL AUTO_INCREMENT, AUTO_INCREMENT=276;

--
-- AUTO_INCREMENT for table `users`
--
ALTER TABLE `users`
  MODIFY `id` int(11) NOT NULL AUTO_INCREMENT, AUTO_INCREMENT=5;

--
-- AUTO_INCREMENT for table `warehouses`
--
ALTER TABLE `warehouses`
  MODIFY `id` int(11) NOT NULL AUTO_INCREMENT;

--
-- Constraints for dumped tables
--

--
-- Constraints for table `buyin`
--
ALTER TABLE `buyin`
  ADD CONSTRAINT `buyin_ibfk_1` FOREIGN KEY (`productId`) REFERENCES `products` (`id`) ON DELETE CASCADE ON UPDATE CASCADE;

--
-- Constraints for table `cart`
--
ALTER TABLE `cart`
  ADD CONSTRAINT `cart_ibfk_1` FOREIGN KEY (`productId`) REFERENCES `products` (`id`) ON DELETE CASCADE ON UPDATE CASCADE,
  ADD CONSTRAINT `cart_ibfk_2` FOREIGN KEY (`userId`) REFERENCES `users` (`id`) ON DELETE CASCADE ON UPDATE CASCADE;

--
-- Constraints for table `payout`
--
ALTER TABLE `payout`
  ADD CONSTRAINT `payout_ibfk_1` FOREIGN KEY (`userId`) REFERENCES `users` (`id`) ON DELETE CASCADE ON UPDATE CASCADE;

--
-- Constraints for table `payoutdetail`
--
ALTER TABLE `payoutdetail`
  ADD CONSTRAINT `payoutdetail_ibfk_1` FOREIGN KEY (`payoutId`) REFERENCES `payout` (`id`) ON DELETE NO ACTION ON UPDATE CASCADE,
  ADD CONSTRAINT `payoutdetail_ibfk_2` FOREIGN KEY (`productId`) REFERENCES `products` (`id`) ON DELETE NO ACTION ON UPDATE CASCADE,
  ADD CONSTRAINT `payoutdetail_ibfk_3` FOREIGN KEY (`userId_approved`) REFERENCES `users` (`id`) ON DELETE SET NULL ON UPDATE CASCADE;

--
-- Constraints for table `products`
--
ALTER TABLE `products`
  ADD CONSTRAINT `products_ibfk_1` FOREIGN KEY (`locationId`) REFERENCES `locations` (`id`) ON DELETE SET NULL ON UPDATE CASCADE,
  ADD CONSTRAINT `products_ibfk_2` FOREIGN KEY (`countingunitId`) REFERENCES `countingunits` (`id`) ON DELETE CASCADE ON UPDATE CASCADE;

--
-- Constraints for table `warehouses`
--
ALTER TABLE `warehouses`
  ADD CONSTRAINT `warehouses_ibfk_1` FOREIGN KEY (`productId`) REFERENCES `products` (`id`) ON DELETE NO ACTION ON UPDATE CASCADE;
COMMIT;

/*!40101 SET CHARACTER_SET_CLIENT=@OLD_CHARACTER_SET_CLIENT */;
/*!40101 SET CHARACTER_SET_RESULTS=@OLD_CHARACTER_SET_RESULTS */;
/*!40101 SET COLLATION_CONNECTION=@OLD_COLLATION_CONNECTION */;
